sentence,label
"Finnish software developer Basware Oyj said on November 30 , 2006 its U.S. subsidiary Basware , Inc. won an order to provide software for contract lifecycle management to an unnamed U.S. medical technology company .",positive
"ADP News - Nov 6 , 2008 - Finnish retail software developer Aldata Solution Oyj OMX : ALD1V said today that it swung to a net profit of EUR 2.1 million USD 2.7 m for the first nine months of 2008 versus a net loss of EU",positive
"The report profiles 614 companies including many key and niche players worldwide such as Black & Decker Corporation , Fiskars Corporation , Fiskars Brands , Inc. , Husqvarna Outdoor Products Inc. , K+S Group , Ryobi Technologies , Inc. , The Scotts Miracle-Gro Company , and Van Group , Inc. .",neutral
"Initial estimated total value of the contract was 250 000 Euros , excluding VAT .",neutral
"The company 's profit before taxes fell to EUR 21.1 mn in the third quarter of 2008 , compared to EUR 35.8 mn in the corresponding period in 2007 .",negative
"Retail chain Suomen L+ñhikauppa was given the index 5.8 , airline SAS 5.8 , TeliaSonera 's broadband 6.1 , German retail chain Lidl 6.1 , Tele Finland 's mobile subscriptions 6.1 , Tallink shipping line 6.3 , and power company Helsinki Energy 6.3 .",neutral
The contract involves refurbishing the bathrooms of 189 units as well as re-plumbing their water and sewer pipes .,neutral
"efficiency improvement measures 20 January 2010 - Finnish stationery and gift retailer Tiimari HEL : TII1V said today that it will continue to improve its operational efficiency , by focusing on its profitable core operations .",positive
"With five different game modes , co-op tournaments , 4 player split-screen and multiplayer modes , players can have as much fun as they would if they were actually fishing .",neutral
"Both operating profit and net sales for the three-month period increased , respectively from EUR15 .1 m and EUR131 .5 m , as compared to the corresponding period in 2005 .",positive
"Oka specialises in new construction , renovation work of residential and non-residential building as well as premises for industrial and logistical use .",neutral
GyPSii service supports ten different languages including Korean and Russian .,neutral
Financial terms were not disclosed .,neutral
The event can also be viewed as a live webcast at www.cargotec.com .,neutral
"`` We 're delighted with the move '' says Morna Cowie , co-owner , above , `` it 's double the size of our current shop and has a lovely feel to it . ''",positive
The sale price was not disclosed .,neutral
"Sanoma also has an Executive Committee , in accordance with the Company 's Articles of Association , that prepares proposals for matters to be decided or noted by the Board of Directors .",neutral
"The guidance has been set at 90 basis points over mid-swaps , the report said .",neutral
Cameco typically prices sales contracts using a 40:60 ratio of fixed prices and spot prices .,neutral
"Outotec 's scope of delivery covers the engineering , supply of special equipment and services for a calcination plant with two circulating fluid bed calciners .",neutral
"FinancialWire tm is not a press release service , and receives no compensation for its news , opinions or distributions .",neutral
"Nordstjernan will make the offer in approximately one month , in September 2007 .",neutral
"Subscribers of China Unicom , the nation 's second largest mobile phone operator after China Mobile , are expected to release pictures , videos and blog on the Internet via mobile phones as of March 2008 .",neutral
"Neste Oil s refineries have a combined crude oil refining capacity of approximately 260,000 barrels a day .",neutral
"Incap , headquartered in Oulu , Finland , is a electronics contract manufacturer with some 750 employees in Finland , Estonia and India .",neutral
Stichting Pensioenfonds ABP : 4 118 122 shares representing 5.19 % of the share capital and voting rights .,neutral
"That address also happens to house Italian megamart Eataly , meaning that `` Come on , kids , we 're going to the Toy Building ! ''",neutral
"The repo rate will gradually reach 2 % at the end of 2010 , according to Nordea 's Economic Outlook .",neutral
Profit for the period was EUR 15.6 mn compared to EUR 14.1 mn in 2007 .,positive
"In addition , Cramo and Peab have signed exclusive five-year rental agreements in Finland and have extended their existing rental agreements in the Swedish market for another five years .",positive
"One can also apply for jobs directly from the iPad , select which CV to attach and which covering letter is most appropriate for each position .",neutral
`` We are pleased with the efforts of both negotiating teams and look forward to a productive four years ahead . '',positive
The value of the firm 's forestry holdings increased by SEK 3.6 bn .,positive
"( ADP News ) - Oct 1 , 2008 - Finnish consulting and engineering company Poyry Oyj ( OMX : POY1V ) said today it was awarded a EUR 5.2 million ( USD 7.4 m ) extension to their existing consultancy engineering contract with Venezuel",positive
"The Liquid Handling segment offers laboratory equipment and accessories , including mechanical and electronic pipettes , and disposable tips used in the research institutions , universities , and hospitals , as well as in the pharmaceutical , food , and other industries under the Biohit brand .",neutral
The name of the newspaper publishing and printing division Sanoma will be changed to Sanoma News .,neutral
"Earnings per share ( EPS ) amounted to EUR0 .98 , up from the loss of EUR0 .02 .",positive
M-real 's sales are expected to have increased by 4 % year-on-year to EUR609m in the second quarter of 2010 .,positive
"Operating profit totalled EUR 5.8 mn , up from a loss of EUR 1.7 mn in the fourth quarter of 2009 .",positive
- Cash flow from operating activities before investments was EUR 7.6 million EUR 2.5 million .,neutral
Sanoma Magazines Finland 's net sales grew to EUR 140.1 mn from EUR 131.8 mn .,positive
Net sales fell by 5 % from the previous accounting period .,negative
"Finnair PLC carried a record 8.8 million passengers in 2006 , an increase of 3.5 percent on the previous year , the Finnish national carrier reported Tuesday .",positive
The plant will collect raw material from the Baltic Sea region .,neutral
Jon Risfelt is 49 years old holds a Master of Science in Chemical Engineering from the Swedish Royal Institute of Technology .,neutral
The rationalization of the operations seeks to achieve over EUR 1 million in yearly savings as from the second quarter of the current financial year .,positive
"In the Baltic states the company reports net sales of EUR 11.9 mn , down from EUR 14.2 mn , and an operative EBIT of EUR -2.2 mn , down from EUR -1.7 mn .",negative
Two other sites will be included later on .,neutral
"The record date for dividend distribution is March 14 , 2008 .",neutral
"Finnish telecoms software developer Tecnomen Oyj said on December 5 , 2006 it won a $ 3.3 mln ( 2.5 mln euro ) order to supply an expansion of the charging and messaging systems for the mobile and fixed networks of Brasil Telecom .",positive
"This action follows personnel negotiations concerning Elcoteq SE , Finnish Branch , Elcoteq Finland Oy and Elcoteq Design Center Oy .",neutral
The dividends payable annually shall be deducted from the share subscription price .,neutral
"The value of the contract is about EUR1 .0 m. Poyry , headquartered in Vantaa , Finland provides consulting and engineering services to the energy , forestry and infrastructure & environment sectors .",neutral
"Addus ' services include personal care and assistance with activities of daily living , skilled nursing and rehabilitative therapies , and adult day care .",neutral
Net sales increased to EUR655m in April to June 2010 from EUR438m a year earlier .,positive
"Tekla will organize an information meeting for analysts and media at WTC Helsinki Marski meeting room , Aleksanterinkatu 17 , the same day at 12:30 - 1:30 p.m. Light lunch will be served .",neutral
"Country : , Switzerland Sector : Pharmaceuticals Target : Synosia Therapeutics Holding AG Buyer : Biotie Therapies Corp Deal size in USD : 129.4 m Type : Corporate acquisition Financing : All-stock Status : Closed",neutral
"The operations to be sold include manufacturing units in Finland , France , Poland and Turkey , as well as sales units in Germany and Lithuania .",neutral
Scanfil has also issued a profit warning .,negative
"The total scholarship amount was 40,000 euros and the recipients were chosen on the recommendation of fine arts universities and sports associations .",neutral
"Section : Regional News - The demand in Finnair 's Asian traffic , measured in passenger kilometers , was up 34.9 % in August compare to last year .",positive
"It is part of the development of the world-class magnetite deposit at Karara , which has the known potential for over 30 million metric tons of annual processing of magnetite over its estimated 30-year life .",neutral
"The company is also seeking possibilities to relocate the Luumaki personnel , some 50 people , to other UPM mills .",neutral
Pertti Ervi is independent from the Company and its major shareholders .,neutral
"Operating loss totalled EUR 4.0 mn , compared to a profit of EUR 8.6 mn in the second quarter of 2008 .",negative
Operating profit of the Asian plants grew markedly .,positive
"Sampo Bank 's market share of lending was 13.6 % , down from 14.4 % in the first quarter of 2008 .",negative
Finnish technology company Raute Corporation ( OMX Helsinki : RUTAV ) issued on Tuesday ( 23 September ) a profit warning for the financial year 2008 .,negative
"Aldata Solution , a global company engaged in supplier to consumer business process optimization , has announced the details of its Dollars for Dinosaurs program .",neutral
"The bond , with a maturity of five years , is part of the bank 's domestic bond program .",neutral
Construction is expected to be completed in the summer of 2011 .,neutral
"Net profit in the three months through March 31 fell to (  x20ac ) 103 million ( US$ 165 million ) from (  x20ac ) 131 million a year earlier , the Finnish company said .",negative
"Finnish drug distributor and wholesaler Oriola-KD Oyj said on October 11 , 2006 it named Anne Kariniemi vice president of its Logistics and Sourcing department as of January 15 , 2007 .",neutral
"Helsinki 19 May 2010 - Finnish company Lemminkainen Oyj ( HEL : LEM1S ) said today that it will construct an office building at Toolonlahti in downtown Helsinki , without disclosing financial details .",neutral
"In the building and home improvement trade , sales decreased by 6.3 % , totalling EUR 154.1 mn .",negative
Her last position in Nokia Siemens Networks was head of Business Human Resources NSN global IT .,neutral
- Counter your competitor 's strengths and target their weaknesses .,neutral
The Department Store Division reported an increase in sales of 4 per cent .,positive
Net sales decreased to EUR 220.5 mn from EUR 470.0 mn in the corresponding period in 2009 .,negative
"A replay will be available until 27 October 2006 in the following numbers : US callers : +1 617-á801-á6888 , non-US callers : +44 20 7365 8427 , access code : 2659 5401 .",neutral
"The customer is then forwarded to the site , and unknown to him logged in with the first number .",neutral
Net sales fell by 33 % from the third quarter of 2008 to EUR 130.5 mn .,negative
"The board machine , which will have a wire width of 6.25 m and a design speed of 900 m-min , will produce close to 1,400 tonnes of folding boxboard per day .",neutral
EUR 220 million of the transaction consideration was paid in the form of four-year interest-bearing vendor notes .,neutral
"The company 's set of services include digital printing , printing preparation , offset-printing , after-treatment services and send out services .",neutral
"( ADP News ) - Feb 12 , 2009 - Finnish IT solutions provider Affecto Oyj ( HEL : AFE1V ) said today its net profit rose to EUR 8.5 million ( USD 11m ) in 2008 from EUR 7 million in 2007 .",positive
"Tikkurila , a division of Kemira group , controls about 23 % of the Russian market in its field and owns St. Petersburg paint producer TEX. .",neutral
The company did not disclose the price of the acquisition .,neutral
Tiimari operates 194 stores in six countries -- including its core Finnish market -- and generated a turnover of 76.5 mln eur in 2005 .,neutral
The new SEPA cads will replace Finnish bank cards .,neutral
`` We are selling an information systems development business to the Finns .,neutral
The company is studying the feasibility of focusing most of its processed meat production in the Vantaa facilities and the processing of fresh meat in the Forssa facilities .,neutral
"The result will also be burdened by increased fixed costs associated with operations in China , and restructuring costs in Japan .",negative
"Founded in 2000 , BioView automates laboratory tests , especially diagnostic tests for cancer .",neutral
"Finnish pharmaceuticals company Orion reports profit before taxes of EUR 70.0 mn in the third quarter of 2010 , up from EUR 54.9 mn in the corresponding period in 2009 .",positive
Operating profit improved by 44.0 % to ER 4.7 mn from EUR 3.3 mn in 2004 .,positive
"Finnish Scanfil , a contract manufacturer and systems supplier for communication and industrial electronics reports net sales of EUR 108.7 mn in the first half of 2008 , down from EUR 111.1 mn a year earlier .",negative
"The 3C Expo is a signature show in Dongguan , which is supported by the Dongguan Municipal Government every year , featuring computer accessories , software , communication and network products .",neutral
Another noticeable thing is that the search for Tata and Airtel brands was mostly related to ` broadband connections ' .,neutral
The total value of the project is valued at SEK 30bn ( EUR 2.83 bn USD 3.81 bn ) .,neutral
"To check them out or to make a bid they will be in the Deka Showroom , Fortitude Valley .",neutral
"Veidekke , headquartered in Oslo , Norway , is a Scandinavian construction and property development group with some 6,350 employees in Norway , Sweden and Denmark , with an annual turnover of NOK16 .4 bn .",neutral
Another firm Air Liquide was exempted because it left the market in 1998 .,neutral
The Bank is also examining the benefits of transferring the Swedish business to operate as a branch office so that the operations would be governed by Finland 's laws .,neutral
"Sales climbed 19.2 pct to 1.002 bln eur , surpassing the 953 mln eur consensus figure .",positive
"Operating loss totalled EUR 5.2 mn , compared to a loss of EUR 3.4 mn in the corresponding period in 2008-2009 .",negative
"The broad-based WIG index ended Thursday 's session 0.1 pct up at 65,003.34 pts , while the blue-chip WIG20 was 1.13 down at 3,687.15 pts .",neutral
"Stockholm , 3 March 2011 About Cybercom The Cybercom Group is a high-tech consultancy that offers global sourcing for end-to-end solutions .",neutral
`` These developments partly reflect the government 's higher activity in the field of dividend policy . '',neutral
Nordea was the cheapest also for a couple in their 30s with debt .,neutral
"CapMan Plc Press Release 31 March 2008 Jukka Ruuska , President of the OMX Nordic Exchanges and the Stockholm Stock Exchange , will transfer to CapMan effective no later than September 2008 .",neutral
Vaisala 's net profit for the third quarter of 2007 dropped to 3.0 mln euro ( $ 4.3 mln ) from 6.8 mln euro ( $ 9.8 mln ) for the same period of 2006 .,negative
The new factory working model and reorganisations would decrease Nokian Tyres ' costs in the factory by EUR 30 million ( USD 38.7 m ) .,positive
` Very recommendable ' is the Nokian Z G2 according to the ` ADAC judgement ' in the latest summer tyre test of the German automobile association ADAC .,positive
The estimated value of the deal is USD 9.2 million .,neutral
"In 2010 , Sanoma Magazines expects net sales to be at the 2009 level .",neutral
"Aug. 17 , 2010 ( Curbed delivered by Newstex ) -- And now , the latest from Racked , covering shopping and retail from the sidewalks up .",neutral
"Both operating profit and sales for the three-month period increased , respectively from EUR0 .3 m and EUR13 .1 m , as compared to the corresponding period in 2005 .",positive
Net sales grew in the period to  x20ac 402 million $ 585US million from  x20ac 401 million in 2006 .,positive
"In Finland , the five largest brands control 90 % of the beer market .",neutral
"Also , a six-year historic analysis is provided for these markets .",neutral
This release is not an offer of securities for sale into the United States or elsewhere .,neutral
"The airline estimated that the cancellation of its flights due to the closure of European airspace , and the process of recommencing traffic , have caused a the company a loss of EUR20m , including the costs of stranded passengers ' accommodation .",negative
"Taking a cue from the playbook of the East Dillon Lions , we 've created a special team of heavy-hitting style players , such as boot-cut jeans , tummy tops and , of course , cowboy boots .",neutral
"The add-on order contains , among others , control valves and instrumentation as well as complete mill engineering and electrification with Metso drive controls .",neutral
Finnish glass technology company Glaston Oyj Abp net profit decreased to 2.6 mln euro ( $ 3.8 mln ) for the first nine months of 2007 from 7.8 mln euro ( $ 11.4 mln ) for the same period of 2006 .,negative
"Savon koulutuskuntayhtyma , Finland based company has awarded contract for specialist agricultural or forestry machinery .",positive
"Depending on the market situation , such projects are sold after 1 to 3 years after completion .",neutral
"Tiimari Latvian representative Ineta Zaharova said that the company earned LVL 122,000 in 2005 profit , which is 20 times more that in 2004 .",positive
"Sponda is a property investment company , specialising in commercial properties in the largest cities in Finland and Russia .",neutral
The agreement includes the entire process of managing Mercator 's supply chain in all regions where the company is currently present .,neutral
Commission income fell to EUR 4.6 mn from EUR 5.1 mn in the corresponding period in 2007 .,negative
"Nokia shares hit 13.21 euros on Friday , down 50 percent from the start of the year in part because of the slow introduction of touch-screen models .",negative
"Ragutis , which is controlled by the Finnish brewery , reported a 5.4-per-cent rise in beer sales to 10.44 million litres and held an 11.09-per-cent market share .",positive
"The firm 's services include copying , printing , CAD-modelling , digital printing , scanning , SokoPro project bank and courier services .",neutral
Unit costs for flight operations fell by 6.4 percent .,positive
"Profit before taxes was EUR 4.0 mn , down from EUR 4.9 mn .",negative
"Operating profit totalled EUR 9.0 mn , down from EUR 9.7 mn in the first half of 2008 .",negative
A few employees would remain at the Oulu plant in support functions for other group units .,neutral
"After the split , the company would have 26,885,540 Series A shares and 9,540,000 Series K shares .",neutral
Mr. Koistinen joins from Nokia Siemens Networks where he has held various senior sales management and business development positions since 1997 .,neutral
"The reductions will be implemented immediately , beginning in October 2009 .",neutral
"Managing Director 's comments : `` Net sales for the first quarter were notably lower than a year before , especially in Finland , Russia and the Baltic countries .",negative
"Budapest , August 10 MTI - Finnish electronics maker Elcoteq will lay off 700 workers at its plants in Pecs S Hungary at the end of September because of falling orders , communications director for Elcoteq 's local unit , Zoltan Krippl told MTI on Monday .",negative
The value of the order is EUR 4mn .,neutral
The group 's net sales in 2007 were EUR683 .6 m.,neutral
The company is well positioned in Brazil and Uruguay .,positive
"Some 3.8 mln euro ( $ 5.2 mln ) of the base acquisition price will be paid in cash and the rest through a subscription offering of a total of 850,000 new Ixonos shares .",neutral
"Unit prices for straddle carriers vary between EUR700 ,000 and EUR900 ,000 , the company added .",neutral
"In the reporting period , the company 's operating profit grew by 43.2 % to EUR 6 million .",positive
"In the second quarter of 2010 , Raute 's net loss narrowed to EUR 123,000 from EUR 1.5 million in the same period of 2009 .",positive
"The new majority owners of Aspocomp Thailand Co. , Ltd are certain private persons belonging to immediate circle of Aspocomp 's present Joint Venture partner , Saha Pathana Inter-Holding Plc. .",neutral
"The Inventors are Ridge Justin , Bao Yiliang and Karczewicz Marta .",neutral
"The number of class A shares remains unchanged at 9,526,089 shares .",neutral
This includes a EUR 39.5 mn change in the fair value of investment properties .,neutral
Operating profit excluding non-recurring items was EUR 7.8 million compared to EUR 11.2 million .,negative
"The equipment is designated to Bollore Africa Logistics terminal Societe d'Exploitation du Terminal de Vridi SETV in Abidjan , Ivory Coast and the delivery is scheduled to start in March 2010 .",neutral
First quarter underlying operating profit rose to 41 mln eur from 33 mln a year earlier .,positive
The company is listed on the Nordic Exchange in Helsinki .,neutral
Technopolis has approximately 130 customer companies in Jyvaskyla .,neutral
The reductions will be concluded by autumn 2010 .,neutral
Pretax loss totalled EUR 162.3 mn compared to a profit of EUR 253.5 mn in 2007 .,negative
"Operating profit surged to EUR21m from EUR106 ,000 .",positive
"Finnish construction company YIT Oyj said on November 13 , 2007 it won a 70 mln euro $ 102.8 mln contract to construct the new office building for local property company Tapiola Real Estate Oy .",positive
From Merisatama to the far corners of the world Asfaltti Osakeyhti+Â Lemmink+ñinen was established in 1910 by a group of master builders in Helsinki as a specialist business and subcontractor .,neutral
Solteq Plc ANNOUNCEMENT 16.12.2010 SHARE REPURCHASE 16.12.2010 In the Helsinki Stock Exchange Solteq Plc now holds a total of 486.969 shares including the shares repurchased on 16.12.2010 .,neutral
"Tiimari , the Finnish retailer , reported to have geenrated quarterly revenues totalling EUR 1.3 mn in the 4th quarter 2009 , up from EUR 0.3 mn loss in 2008 .",positive
"Based on the 2005 calendar year the combined company had EUR15 .8 bn in pro forma annual revenues and is expected to start operations with 60,000 employees .",neutral
"Honkarakenne mainly exports large luxury log houses to Russia to be used as one-family houses or holiday homes ; 70 % of sales go to the Moscow region , about 20 % to the St Petersburg region , and the remainder to other locations .",neutral
The agreement strengthens our long-term partnership with Nokia Siemens Networks .,positive
"Kesko Agro Eesti , the retailer and wholesaler of grain , agricultural and warehousing machinery and accessories , had net sales of 81 million euros in 2007 , an increase by one-tenth over the preceding year .",positive
"The purchase price will be paid in cash upon the closure of the transaction , scheduled for April 1 , 2009 .",neutral
"The building will house , for example , Respecta Oy 's Jyvaskyla premises , as well as other companies to be announced later , says Samuel Koivisto , Director of Technopolis operations in Jyvaskyla .",neutral
The Extraordinary General Meeting is expected to take place no later than 18 February 2011 .,neutral
"Viking Line 's cargo revenue increased by 5.4 % to EUR 21.46 mn , and cargo volume increased by 2.4 % to 70,116 cargo units .",positive
Cash flow from operations rose to EUR 52.7 mn from EUR 15.6 mn in 2007 .,positive
No financial or pricing details were disclosed .,neutral
"2010 16 July 2010 - Finnish steel maker Rautaruukki Oyj HEL : RTRKS , or Ruukki , said today it turned to a net profit of EUR20m in the second quarter of 2010 from a net loss of EUR94m in the corresponding period last year .",positive
"Tecnomen 's solution can be used for prepaid and post-paid billing , for charging and rating of voice and video calls , data traffic and any kind of content services in both mobile and fixed networks .",neutral
"After the transaction , Tikkurila has no powder coatings related operations .",neutral
The bridge will be 1.2 km long and is located between Anasmotet by the road E20 and the new traffic junction in Marieholm by the road E45 .,neutral
The increase range will vary up to 10 % .,neutral
No changes regarding the Virala Oy Ab s ownership of shares of Tiimari has taken place .,neutral
"Finnish textiles and clothing group Marimekko Oyj posted a net profit of 7.99 mln euro $ 10.4 mln for 2006 , compared to 8.4 mln euro $ 10.9 mln for 2005 .",negative
"4 February 2011 - Finnish broadband data communication systems provider Teleste Oyj HEL : TLT1V said Wednesday its net profit rocketed to EUR4 .8 m in 2010 from EUR416 ,000 in 2009 and it lifted its dividend proposal .",positive
"With this acquisition the wireless modem unit and its approximately 1,100 employees were transferred to Renesas Electronics Corporation .",neutral
Orders received grew by 55 % year-on-year to EUR732m .,positive
The exercise price of the option will be based on Safran Software Solutions ' license and maintenance sales as well as the result of the company .,neutral
"As part of the transaction , the +ä+ñnekoski paper mill remained in M-real 's ownership and continued Galerie Art production for Sappi under a long-term contract .",neutral
`` The combined activities will create value for shareholders and be good for our employees and customers .,positive
"It also includes the installation of new equipment , training and start-up services , as well as service work of the shoe press delivered by Vaahto in 2001 .",neutral
"The start of the negotiations , relating to Glaston 's efficiency program , was announced in October .",neutral
15 December 2010 - Finnish-German telecoms equipment maker Nokia Siemens Networks said today it won a contract to upgrade the radio network of home-based telecommunications company Elisa Oyj HEL : ELI1V .,positive
Fortum had previously bought the state-held stake in TGK-10 from RAO UES during its reform .,neutral
The hull of the vessel was built one block at a time and Ruukki delivered the plate material for each block as construction progressed .,neutral
The event can be followed on-line via Orion 's Finnish homepage at www.orion.fi as well as via the Kauppalehti Live web service at www.kauppalehti.fi/live .,neutral
"The stock is trading above both its MAPs and the 50-day MAP of SEK72 .983 is higher than the 200-day MAP of SEK70 .283 , a bullish indicator .",positive
"In its financial report , published on Friday , SEB said its net profit soared to SEK6 .745 bn in 2010 from a year-earlier SEK1 .114 bn and proposed a 50 % dividend increase to SEK1 .50 per share .",positive
"The Samsung Mobile Applications Store was launched in January 2009 by Samsung Mobile Innovator , a program which enables mobile software developers to create applications for use across Samsung mobile devices .",neutral
The shares shall be acquired according to the Rules of NASDAQ OMX Helsinki and otherwise according to the rules related to acquisition of the company 's own shares .,neutral
"The contract value amounts to about EUR11m , the company added .",neutral
Operating profit excluding non-recurring items increased by 27 % to EUR 81.9 mn from EUR 64.4 mn in the corresponding period in 2008 .,positive
Sports equipment sales also progressed well owing to the prolonged winter season .,positive
"October-December sales were 302 mln eur , or a 25.3 pct increase year on year .",positive
Latvia 's Stockmann shopping mall is a subsidiary of Finland 's Stockmann Plc. .,neutral
"The financial impact is estimated to be an annual improvement of EUR2 .0 m in the division 's results , as of fiscal year 2008 .",positive
"The authorisation is in force until the end of the next Annual General Meeting and repeals the authorisation to acquire own shares given by the General Meeting held on April 4 , 2007 .",neutral
"In January-September 2007 , the group 's net sales from continuing operations rose to EUR 213.1 mn from EUR 172.6 mn in the corresponding period in 2006 .",positive
"The tanks will be delivered to a company which is currently building a chemical tank farm in Antwerp , northern Belgium .",neutral
"Iso Omena is based in the Matinkyla district of the southern part of the city of Espoo , southern Finland .",neutral
"The change in holdings in accordance with Chapter 2 , Section 9 of the Finnish Securities Markets Act is described below .",neutral
"HUHTAMAKI OYJ STOCK EXCHANGE RELEASE , 16.9.2008 AT 13.32 Huhtamaki 's Capital Markets Day for institutional investors and analysts is held in Espoo , September 16 , 2008 starting at 13.30 pm Finnish time .",neutral
The Insolvency Act regulates the amount of debt that borrowers are permitted to write off .,neutral
The writing and publication of Lemmink+ñinen -¦ s history is a continuation of earlier collaboration between Antti Tuuri and the company .,neutral
"Deliveries of Nokia 1112 , Nokia 2310 and Nokia 2610 are expected to start in the second quarter of 2006 .",neutral
"The contract includes design , construction , delivery of equipment , installation and commissioning .",neutral
Kemira shares closed at (  x20ac ) 16.66 ( $ 22US .71 ) .,neutral
`` We could be there .,neutral
"JP Morgan expects that Scala will lower Nobel Biocare 's growth forecast for 2007 from the current guidance of 23-25 pct , as well as the operating margin target from the current 34-35 pct .",negative
This new partnership agreement represents a significant milestone for both parties .,positive
"The company had net sales of EUR 10.8 million in 2008 , and today has approximately 120 employees in Finland , Estonia and Poland .",neutral
EPS grew to 0.04 eur from 0.02 eur .,positive
"industry in Asia +ó Pakistan , Malaysia , Taiwan and Philippines Today , Global Research & Data Services is going to publish several market analyses about the cement markets in Asia .",neutral
The total investment of the project will be approximately EUR 36m .,neutral
Finnish Bank of +àland reports its operating profit fell to EUR 4.9 mn in the third quarter of 2007 from EUR 5.6 mn in the third quarter of 2006 .,negative
Operating profit rose to EUR 9.2 mn from EUR 6.8 mn in the corresponding period in 2007 .,positive
Net profit fell by almost half to +é 5.5 million from +é 9.4 million at the end of 2007 .,negative
"The broker started UPM-Kymmene , Stora Enso and Sappi with ` equal-weight ' recommendations and Holmen and Norske Skog with ` underweight ' ratings .",neutral
Finnair said that the cancellation of flights would cause daily losses of  x20ac 2.5 million US$ 3 million .,negative
"The Annual Report contains the financial statements , the consolidated financial statements , the report by the Board of Directors and the auditor 's report .",neutral
The total value of the contract is some EUR 8 million .,neutral
"Finnish security and privacy software solutions developer Stonesoft Oyj said on January 7 , 2008 that the preliminary sales of its StoneGate products grew by 59 pct year-on-year to 3.6 mln euro ( $ 5.3 mln ) for the fourth quarter of 2007 .",positive
And that 's exactly what happened on a recent weekday when an East Haven baker was brought in to remind residents about the Easter tradition of making wheat and rice pies .,neutral
"Founded in 1985 , Quatrocon 's clientele consists of public sector builders , central trading companies and major construction firms .",neutral
"According to business media reports , Usmanov planned to transfer his MegaFon stake to the state-controlled Svyazinvest , in exchange for a stake in the merged RosTelecom .",neutral
"Construction work on the Helsinki Music Centre is to start this autumn , with the total cost of the project estimated at 140 million euros .",neutral
Elcoteq has a global network of After Market Service sites which have a long experience in serving Consumer Electronics and Systems Solutions customers .,neutral
"After the transaction , M-real will own 30 % in Metsa-Botnia and UPM -- 17 % .",neutral
Bertrand Sciard has been the vice chairman of the board of directors of Aldata Solution since April 2007 .,neutral
The parties have therefore agreed to leave Avena out of the deal .,neutral
"Operators only need to learn how to use one device for multiple levels of applications , including voice-directed operations .",neutral
It also confirmed its earnings guidance for the whole 2009 issued in its report for the whole 2008 .,neutral
Below are unaudited consolidated results for Aspocomp Group under IFRS reporting standards .,neutral
It is expected to be completed by the end of 2007 .,neutral
"Panostaja owns a 68.77 pct of share capital and the voting rights of Suomen Helasto shares following an exchange of shares which was carried out on May 30 , 2007 .",neutral
The total amount of subscription prices was recorded in the fund for invested non-restricted equity .,neutral
"Tieto in Latvia is represented by IT services companies TietoEnator Alise and TietoEnator , which has operations in the industries of Financial Services Cards , Retail and Logistics and IT Outsourcing and Managed Services .",neutral
Pretax profit jumped to EUR 21.9 million from EUR 3.1 million .,positive
"The company is headquartered in Sievi , Finland , and is listed on the Nordic Exchange in Helsinki .",neutral
Mr Skogster currently serves as the manager responsible for ABB Oy 's system modules for low voltage drives .,neutral
Rapala said it estimates it will make savings of 1-2 mln eur a year by centralising its French operations at one site .,positive
"In the fourth quarter of 2008 , net sales increased by 2 % to EUR 1,050.7 mn from EUR 1,027.0 mn in the fourth quarter of 2007 .",positive
"Prothious Engineering ( www.prothious.com ) employs more than 1,000 and has a large portfolio of projects and an annual detailing capacity of more than 100,000 tonnes .",neutral
"The Group 's business sectors are Building Construction , Infrastructure Construction , Technical Building Services , and Building Products .",neutral
The acquisition price was not disclosed .,neutral
VNH generates annual net sales of about 5 mln eur and employs 21 people .,neutral
"Glaston 's own glass processing unit , Tamglass Glass Processing , is a manufacturer of high quality safety glass products , and operates in Finland .",neutral
"Metso expects its net sales to increase by about 10 % in 2008 , at comparable exchange rates .",positive
The value of the contract is about EUR 27mn .,neutral
Affecto expects its net sales for the whole 2010 to increase from the 2009 level when they reached EUR 103 million .,positive
"The sale of Savcor FACE to Cencorp will result in a profit or loss which can not yet be determined , owing to factors including the valuation of the consideration shares to be received and prevailing exchange rates .",neutral
The fair value of the company 's investment properties grew to EUR 2.803 billion at the end of March 2009 from EUR 2.691 million a year ago .,positive
"Featuring the S60 user interface , this 135-gram model also comes with a 2.4-inch quarter VGA display and 100 megabytes of internal memory , expandable through the Micro Secure Digital slot .",neutral
Feed companies Suomen Rehu and Raisio do no import GMO feed .,neutral
The company confirmed its estimate for lower revenue for the whole 2009 than the year-ago EUR93 .9 m as given in the interim report on 5 August 2009 .,negative
"Protalix closed at $ 10.71 on Friday on the American Stock Exchange , giving a market cap of $ 827 million .",neutral
"- Demand for fireplace products was lower than expected , especially in Germany .",negative
Operating loss amounted to EUR 0.7 mn compared to a profit of EUR 0.8 mn in the second quarter of 2005 .,negative
"Acando AB ( ACANB SS ) fell 8.9 percent to 13.35 kronor , the lowest close since Dec. 11 .",negative
"The EU Commission said earlier it had fined ThyssenKrupp , United Technologies Corp 's Otis , Schindler AG and Kone Oyj a total of 992.3 mln eur for alleged cartel activity in the lift market going back twelve years .",negative
Bovine slaughtering and cutting at the Kuopio facility will be transferred to the Kauhajoki slaughterhouse .,neutral
The company moved to an operating profit of EUR10 .9 m versus an operating loss of EUR15 .3 m. It also turned to EPS of EUR0 .08 versus loss per share of EUR0 .04 .,positive
The investment would be some EUR5m .,neutral
"- The Group -¦ s profit before taxes was EUR 0,2 7,8 million .",neutral
Negotiations with representatives of the personnel regarding the restructuring process have now been ended .,neutral
"Sales in Finland decreased by 10.5 % in January , while sales outside Finland dropped by 17 % .",negative
"`` UPM 's deliveries increased during the third quarter by 4 percent , and the efficiency of operations improved , '' Chief Executive Jussi Pesonen said .",positive
"Finland 's leading metals group Outokumpu said its fourth-quarter net profit more than tripled on the back of strong global demand for stainless steel , soaring base metal prices and proceeds from the sale of its technology unit .",positive
Raute said it has won an order worth around 15 mln eur to supply several plywood production lines to mills operated by Russian wood products company Sveza Group .,positive
The company slipped to an operating loss of EUR 2.6 million from a profit of EUR 1.3 million .,negative
"2009 3 February 2010 - Finland-based steel maker Rautaruukki Oyj ( HEL : RTRKS ) , or Ruukki , said today it slipped to a larger-than-expected pretax loss of EUR46m in the fourth quarter of 2009 from a year-earlier profit of EUR45m .",negative
"Making matters more difficult , the company said it has been grappling with higher oil and gas prices , which have pushed up the cost of energy , raw materials and transportation .",negative
"The order comprises four ball mills , which will be organized in two different streams for treating ore in the Pilanesberg platinum mine .",neutral
"( ADP News ) - Finnish handling systems provider Cargotec Oyj ( HEL : CGCBV ) announced on Friday it won orders worth EUR 10 million ( USD 13.2 m ) to deliver linkspans to Jordan , Morocco and Ireland .",positive
"Finnish steel maker Rautaruukki Oyj ( HEL : RTRKS ) , or Ruukki , said today its net loss contracted to EUR 49 million ( USD 68.2 m ) for the first nine months of 2010 from EUR 229 million for the same period a year ago .",positive
That would be an increase from estimated sales of 117 million last year .,positive
"London 's leading shares today jumped almost 100 points , or 1.7 % , as the market opened .",positive
Almost the entire office building will be occupied by Metso .,neutral
Sales have risen in other export markets .,positive
"Operating profit totalled EUR 1.22 mn , down from EUR 3.56 mn in the first quarter of 2008 .",negative
`` This could be us .,neutral
Halonen 's office acknowledged receiving the letter but declined comment .,neutral
"Finnish IT consultancy Satama Interactive Oyj said on November 13 , 2006 that Jarmo Lonnfors took up the position of CEO .",neutral
"In volume , the focus is already outside Finland , as 60 % of the group 's products are made in Poland and the Baltic countries .",neutral
The business development initiatives in North America are headed by Lynn Shanahan .,neutral
"External net sales from the printing business fell by 43.7 % , partly due to the termination of the printing contract between Ilkka-Yhtyma 's printing house I-print Oy and sector player HSS Media AB in December 2009 and the fall in printing prices .",negative
Benefon will turn the Salo unit into a B2B business unit and establish a B2C business unit in the UK .,neutral
"Operating profit totaled EUR 6.7 mn , down from EUR 7.2 mn in the corresponding period in 2005 .",negative
"RAPALA TOURNAMENT FISHING : With all the major titles already out for the holidays , bargain-priced games such as Rapala aim for a smaller audience .",neutral
Other details were not provided .,neutral
EPS dropped to EUR0 .2 from EUR0 .3 .,negative
"Also , a six-year historic analysis is provided for this market .",neutral
"Erkki Jarvinen , President of Rautakirja and the head of the Sanoma Trade division , will leave his current tasks in spring 2009 for a similar position outside the Sanoma Group .",neutral
"Revenue for the quarter totaled 27.4 billion , down 2 percent from 28.1 billion in the fourth quarter in 2008 .",negative
"Paychex has more than 100 offices serving approximately 554,000 payroll clients nationwide as of May 31 , 2009 .",neutral
Almost two thirds of Olvi 's net sales come from outside Finland .,neutral
"Steek , which was set up in 2002 , is based in Bordeaux , southwestern France .",neutral
"Both operating profit and turnover for the three-month period increased , respectively from EUR0 .9 m and EUR8 .3 m , as compared to the corresponding period in 2005 .",positive
"`` If you need malware removal tools , type the URL of your vendor of choice directly into the browser bar and use links on their website , '' wrote Trend Micro 's Rik Ferguson on Monday .",neutral
"Operating loss totalled EUR 0.9 mn , down from a profit of EUR 2.7 mn .",negative
Russia 's Video International Group holds a controlling stake in Russian Media Ventures .,neutral
The company will make its marketing and sales investments initiated in 2009 even more efficient in 2010 .,positive
"Bids or offers include at least 1,000 shares and the value of the shares must correspond to at least EUR4 ,000 .",neutral
"Mr Ashley , deputy executive chairman of Sports Direct , sold a 43pc stake in the company for more than pounds 900m at the time of the float .",neutral
Mursula said they tried to gather macro-economic perspective to see how Malaysia was doing .,neutral
"The Lithuanian beer market made up 14.41 million liters in January , a rise of 0.8 percent from the year-earlier figure , the Lithuanian Brewers ' Association reporting citing the results from its members .",positive
"After non-recurring items of EUR 177mn , profit amounted to EUR 20mn .",neutral
"This could be any of us at any time , '' she said .",neutral
The EPS outlook was increased by 5.6 pct for 2007 and 7.0 pct for 2008 .,positive
"Cardona slowed her vehicle , turned around and returned to the intersection , where she called 911 .",neutral
"At this growth rate , paying off the national debt will be extremely painful .",negative
"The offer price is $ 35 million , including cash of $ 10 million as net debt assumption of FACE , and $ 20 million worth of Cencorp shares to be issued to Savcor .",neutral
Mr K.R. Vasantha has been appointed Managing Director of Incap Contract Manufacturing Services Pvt. Ltd. .,neutral
"In providing managed services , Nokia takes responsibility for building , operating and transferring as well as optimising the Indosat 3G network .",neutral
"a January 11 , 2010 EPHC board of directors has approved an increase in the quarterly dividend from $ 0.03 to $ 0.05 per share .",positive
"Exel 's board of directors will propose a dividend of 0.2 euro $ 0.3 per share for 2006 at the annual general meeting on April 19 , 2007 .",neutral
"Nevertheless , its market share rose to 49.14 percent from 48.51 percent a year earlier .",positive
The terms of the transactions remained undisclosed .,neutral
"The company reported a profit of 800,000 euro ($ 1.2 mln)on the sale of its Varesvuo Partners sub-group and a loss of 400,000 euro $ 623,000 caused by the sale of its program production subsidiary Oy Filmiteollisuus Fine Ab .",neutral
"Additionally , information on business segments , competitors and future outlook are provided .",neutral
The value of the order is around EUR 100 million .,neutral
- UPM-Kymmene upgraded to ` in-line ' from ` underperform ' by Goldman Sachs .,positive
"Profit before taxes was EUR 5.4 mn , up from EUR 3.6 mn a year earlier .",positive
Grounds for the notification : Tiimari Plc 12/30/2010 issued Capital Convertible Loan allocation decision by the Board on 01/31/2011 .,neutral
"With this , the company will exit the contract manufacturing service segment .",neutral
"The maximum obligated total trades per day is ISK 400,000,000 market value .",neutral
The EPS improved to EUR0 .38 from EUR0 .27 .,positive
"Founded in 1946 , Strand Associates , which provides civil , environmental , transportation , electrical and mechanical engineering services , has 350 employees at 10 offices in Wisconsin , Alabama , Illinois , Indiana , Kentucky and Ohio .",neutral
"The new apartment block is going up very close to the city center , explained Chairman of the Board of AS YIT Ehitus Priit Sauk .",neutral
"Neste oil 's board proposed 1.00 eur dividend for the full-year 2007 , compared with 0.90 eur a year ago .",positive
"They are responsible for their own operations , customer relationships , and the development of these .",neutral
"Operating profit totaled EUR 3.8 mn , down from EUR 4.5 mn in the corresponding period in 2005 .",negative
The passenger tunnel is expected to be put into operation in 2009 .,neutral
The real estate company posted a net loss of +ó  x201a -¼ 59.3 million +ó  x201a -¼ 0.21 per share compared with a net profit of +ó  x201a -¼ 31 million +ó  x201a -¼ 0.11 per share for the corresponding quarter of 2007 .,negative
"Finnish Exel Composites , a technology company that designs , manufactures , and markets composite profiles and tubes for various industrial applications , reports its net sales decreased by 0.6 % in the second quarter of 2010 to EUR 19.2 mn from EUR 19.3 mn in the corresponding period in 2009 .",negative
"Uponor made an operating profit of EUR 151.0 mn , up from EUR 143.7 mn , which made 2007 a record year .",positive
"Its annual capacity is some 10,000 MW .",neutral
- Net sales for the period are expected to fall well below that of last year and the result after non-recurring items is expected to be in the red .,negative
"ADP News - Nov 13 , 2008 - Finnish printed circuit board PCB maker Aspocomp Group Oyj OMX : ACG1V said today that its net loss narrowed to EUR 2 million USD 2.5 m in the first nine months of 2008 from EUR 57",positive
The company will release its 2010 results on 11 February 2011 .,neutral
"The report examines the medical equipment business structure and operations , history and products , and provides an analysis of its key medical equipment revenue lines .",neutral
"Key shareholders of Finnish IT services provider TietoEnator Oyj on Friday rejected a hostile EUR1 .08 billion $ 1.67 billion offer from buyout shop Nordic Capital , giving new life to a possible counter offer from Blackstone Group LP and Norwegian telecom Telenor ASA .",positive
It estimates the operating profit to further improve from the third quarter .,positive
Pharmaceuticals group Orion Corp reported a fall in its third-quarter earnings that were hit by larger expenditures on R&D and marketing .,negative
"Finnish investment group Panostaja Oyj said its net profit went up to 8.6 mln euro $ 11.4 mln in fiscal 2005-06 , ended October 31 , 2006 , from 2.8 mln euro $ 3.7 mln in the same period of fiscal 2004-05 .",positive
The shares represented 4.998 % of total share capital and 2.14 % of total voting rights .,neutral
The solid fuel is heated before sludge is mixed therein . '',neutral
"In Q1 of 2009 , the company 's operating loss totalled EUR 0.3 mn , compared to a profit of EUR 3.6 mn in Q1 of 2008 .",negative
"( ADP News ) - Feb 4 , 2009 - Finnish broadband data communication systems and solutions company Teleste Oyj ( HEL : TLT1V ) said today its net profit decreased to EUR 5.5 million ( USD 7.2 m ) for 2008 from EUR 9.4 million for 200",negative
Investment management and investment advisory services are the company 's sole line of business .,neutral
"The company 's consolidated operating profit amounted to EUR 15.86 mn , up from EUR 4.14 mn year-on-year .",positive
"Outotec 's scope of delivery includes design , basic engineering and supply of proprietary equipment for a sinter plant with a grate area of 496 square meters .",neutral
Aspo has also investigated the sales opportunities of Kaukomarkkinat 's electronics business .,neutral
Net interest income increased by 4.5 % to EUR 31.4 mn from EUR 30.0 mn in 2004 .,positive
"Ragutis , controlled by the Finnish brewery Olvi , achieved a 5.7 percent rise in beer sales to 22.6 million liters and held a 10.75 percent market share .",positive
"Viking will pay EUR 130 million for the new ship , which will be completed in January 2008 .",neutral
In the meantime the CEO 's duties will be assumed by Outotec 's Deputy CEO Seppo Rantakari .,neutral
"Earnings per share ( EPS ) in the first half of 2007 amounted to EUR0 .29 , down from EUR0 .40 year ago .",negative
"The period 's sales dropped to EUR30 .6 m from EUR38 .3 m , according to the interim report , released today .",negative
Arena Partners Oy is a development company for electronic business .,neutral
Finnish metal products company Componenta Oyj net profit went slightly down to 25.1 mln euro ( $ 40.2 mln ) for the first half of 2008 from 25.4 mln euro ( $ 40.7 mln ) for the same period of 2007 .,negative
"Pre-tax loss totaled EUR 0.3 mn , compared to a loss of EUR 2.2 mn in the first quarter of 2005 .",positive
"To see more of New Haven Register , or to subscribe to the newspaper .",neutral
"The share capital of Basware Corporation is 11,720,829 .",neutral
"Finnish construction group Lemminkainen Oyj HEL : LEM1S said today it has won a contract to provide technical services for the Nevsky Centre shopping mall to be opened in November in St Petersburg , Russia .",positive
The building will house product development and test laboratories .,neutral
"Target company : Tieto Corporation , Business Identity Code : 0101138-5 Date of change in holding : 22 January 2010 Portion of the shares and votes : The current group holding of OP-Pohjola Group Central Cooperative ( OPK ) is 2982 587 shares , which represents 4.14 % of the shares and voting rights .",neutral
"In the Baltic countries , sales fell by 40.2 % , and in Russia , by 23.2 % in terms of euros , and by 10.7 % in terms of local currency .",negative
"Originally posted to the PCMag.com security blog , Security Watch .",neutral
"The company will disclose further details , including the anticipated transaction timetable and the name of the new investor , within one week .",neutral
"In the third quarter , net sales increased by 12 % year-on-year to EUR159 .5 m , or by 6 % at comparable currency rates growth .",positive
The EUR 0.7 million non-recurring expenses have been recorded for the third quarter .,neutral
"Local government commissioner of +àm+Ñl , Kurt Svensson , says he will contact the management of Finnish company Componenta to find out if there are any alternatives to the company 's decision to close down its plant in +àm+Ñl .",neutral
"The company is owned by the State of Finland and the European Aeronautic Defense and Space Company EADS N.V. Tekla is an international software company that provides solutions for building and construction , energy distribution and municipalities .",neutral
Basware Business Transactions Service enables the customer to receive and send invoices in an electronic format .,neutral
The cranes would be installed onboard two freighters ordered by Singaporean ship owner Masterbulk .,neutral
- Operating profit rose by 26.9 % to EUR 105.8 ( 83.4 ) million .,positive
It is estimated that the consolidated turnover of Kausta Guder will reach Lt 53mn US$ 22.53 mn EUR 15.35 mn in 2007 .,neutral
"Finnish management software solutions provider Ixonos Oyj net profit decreased to 369,000 euro ( $ 575,000 ) for the first quarter of 2008 from 669,000 euro ( $ 1.0 mln ) for the same period of 2007 .",negative
"The facility will have a lettable area of some 19,000 sq m. The plot for the plant , located in the Ratasmaki business park , will be purchased from the City of Forssa .",neutral
He joined Rautakirja in 1997 to lead one of its four business areas and took up the position of President and CEO in 2001 .,neutral
"The company also appointed Leif Rosen head of the Special Plate unit which includes the quarto plate units in Degerfors , Sweden , and New Castle , USA , the unit in Willich , Germany , as well as Pressplate and Prefab in Avesta and Plate Service Centre Nordic in Degerfors .",neutral
Exel is headquartered in Mantyharju in Finland .,neutral
Aspo 's Group structure and business operations are continually developed without any predefined schedules .,neutral
Connectivity Services include outsourced Scan and Capture which transfers paper invoices into electronic format and Basware Business Transactions Service enables the customer to receive and send invoices in an electronic format .,neutral
"Both operating profit and net sales for the six-month period increased , respectively from EUR7 .5 m and EUR655 .5 m , as compared to the corresponding period in 2005 .",positive
`` There is no room to modify the share component as we have already indicated . '',neutral
Return on equity stood at 18.3 % compared to 15.4 % in the third quarter of 2005 .,positive
"Samsung currently occupies third place and lost ground during the quarter , dropping by 1.8 % to an 11.1 % share overall .",negative
"Profitability ( EBIT % ) was 13.9 % , compared to 13.1 % in the previous-year period .",positive
"Equipment will be manufactured in Vaahto 's workshop in Hollola , Finland and is scheduled for shipments during the first quarter of 2009 .",neutral
The deal was worth about EUR 1.2 mn .,neutral
Outotec 's net profit for the second quarter of 2007 jumped to 16.8 mln euro ( $ 23.1 mln ) from 4.6 mln euro ( $ 6.3 mln ) a year ago .,positive
COMPTEL CORPORATION Sami Ervio President and CEO Distribution : NASDAQ OMX Helsinki Major media Comptel Dynamic OSS solutions enable telecom service providers to deliver services flexibly and charge them effectively .,neutral
To see a slide show of all the newest product releases from Fiskars .,neutral
"The subject of the project is provide to the company like : Software programming and consultancy services , Computer-related services , Data services , Computer support and consultancy services , Internet services etc. .",neutral
The closing of such transaction took place today .,neutral
Finnish silicon wafers manufacturer Okmetic Oyj said it swung to a net profit of 4.9 mln euro $ 6.3 mln in the first nine months of 2006 from a net loss of 1.8 mln euro $ 2.3 mln a year earlier .,positive
"Honkarakenne also decided yesterday to sell 88,500 of its B-series shares to key staff members for EUR 2.90 per share .",neutral
Profit before taxes decreased to EUR 31.6 mn from EUR 50.0 mn the year before .,negative
"The buildings , with about 40 condominiums each , will be built in 4 or 5 stages .",neutral
Net sales of the Vegetable Oil Business rose to EUR 10.6 mn from EUR 10.1 mn .,positive
"Boomeranger Boats Oy specialises in boat building and designs , manufactures and sells customised Rigid Inflatable Boats RIB primarily for the Baltic Sea market .",neutral
"For 24-hour news , try ICIS news www.icis.com Click `` trial '' , then ICIS news",neutral
"HELSINKI ( Thomson Financial ) - Kone said it has won four orders in Saudi Arabia , United Arab Emirates and Qatar worth 40 mln eur .",positive
Finnish office supplies and computer accessories dealer Beltton-Group Plc said its net profit rose to 1.3 mln euro ( $ 1.7 mln ) in 2006 from 1.13 mln euro ( $ 1.5 mln ) in 2005 .,positive
EBIT excluding non-recurring items was estimated to increase from 2009 .,positive
"As of July 2 , 2007 , the market cap segments will be updated according to the average price in May 2007 .",neutral
Olvi expects sales and market share to increase in the first quarter of 2010 .,positive
"Food sales totalled EUR 323.5 mn in October 2009 , representing a decrease of 5.5 % from October 2008 .",negative
"Honkarakenne also decided yesterday to sell 88,500 of its B series shares to key staff members for EUR2 .9 per share .",neutral
The platform would continue to be the development framework for Symbian and MeeGo .,neutral
Analysts surveyed by Thomson Financial expected revenue of $ 69 million for the quarter .,neutral
"Altogether CapMan employs approximately 150 people in Helsinki , Stockholm , Copenhagen , Oslo , Moscow and Luxembourg .",neutral
"The equipment will be made at Vaahto 's plant in Hollola in Finland , and delivery is scheduled for the first quarter of 2009 .",neutral
Finnish automation solutions developer Cencorp Corporation ( OMX Helsinki : CNC1V ) issued on Thursday ( 18 September ) a profit warning for the third quarter of 2008 .,negative
"The Committee proposes the following remuneration : a monthly remuneration of EUR 5,000 for the Chairman , EUR 3,500 for the Deputy Chairman , and EUR 2,500 for the other Board members .",neutral
The policy was also aimed at making the companies more profitable and competitive .,positive
"In January-June 2010 , diluted loss per share stood at EUR0 .3 versus EUR0 .1 in the first half of 2009 .",negative
"Finnish IT consultancy Satama Interactive Oyj posted a net profit of 1.4 mln euro $ 2.0 mln for the first nine months of 2007 , compared to a net loss of 462,000 euro $ 664,000 for the same period of 2006 .",positive
The terms and conditions of the year 2003 stock option scheme were published in a stock exchange release on 31 March 2003 .,neutral
"The company operates worldwide and employs in total approximately 47,000 persons .",neutral
"Cerberus Capital Management LP-backed printing paper maker NewPage Corp. has posted mixed second-quarter results , casting a cloud over its planned initial public offering .",negative
Cargotec will also move Hallberg-Ivarsson 's service and installation business under the same roof with its service center for Kalmar and MacGregor solutions in Gothenburg .,neutral
The plant is expected to start production in the first half of 2007 .,neutral
"Please inform IR Johanna Koskinen of your participation no later than 20 April at 10 a.m. A telephone conference for financial analysts and investors , conducted in English , will begin at 3:00 p.m. Finnish time ( EET ) .",neutral
Pretax profit decreased by 37 % to EUR 193.1 mn from EUR 305.6 mn .,negative
"The contract covers turnkey deliveries to all five airports operated by the authority -- John F Kennedy , LaGuardia , Newark , Teterboro and Stewart International .",neutral
"Huhtamaki 's rigid plastic consumer goods operations , which are mainly in Europe , will be separated into a new reporting segment as of 1 January 2009 .",neutral
"UPM-Kymmene www.upm-kymmene.com produces magazine papers and newsprint , as well as fine and specialty papers , converting materials and wood products .",neutral
Okmetic expects its net sales for the first half of 2009 to be less than in 2008 .,negative
Nordea sees a return to positive growth for the Baltic countries in 2011 .,positive
Vacon recently announced plans to build its North American headquarters at 5 Business Park in Chambersburg .,neutral
"An  of the invention , released by the Patent Office , said : `` A non-coherent search matrix is formed of said correlation function matrix .",neutral
"Finnish energy company Fortum Oyj said on November 13 , 2007 it was granted an environmental permit to build a biofuel-fired combined heat and power CHP plant in Vartan harbor in eastern Stockholm .",positive
"Cost savings will then rise to some 20 mln eur a year from 2007 , OKO said .",positive
"Most of the raw materials come from Europe and the US and are paid in euros or US dollars , while sales take place in rubles .",neutral
Payment of shares shall be effected on subscription .,neutral
"Seller is the Finnish Elcoteq Group , the largest European electronics manufacturing services company .",neutral
"Danske Bank A-S DANSKE DC jumped 3.7 percent to 133.4 kroner , rebounding from yesterday s 3.5 percent slide .",positive
Finnish metal industry solutions supplier Outotec Oyj net profit rose to 50.4 mln euro ( $ 72.5 mln ) for the first nine months of 2007 from 20.1 mln euro ( $ 28.9 mln ) for the same period of 2006 .,positive
"Sukhraj Dulai , of the 2900 block of Boni Sue Court , a cul-de-sac on the city 's north side , started the vehicle and went inside his house about 8 a.m. Tuesday , leaving the garage door open .",neutral
"Svyturys-Utenos Alus , which is controlled by the Nordic group Baltic Beverages Holding ( BBH ) , posted a 6.1 percent growth in beer sales for January-September to 101.99 million liters .",positive
Why not give your bedroom a cool makeover for summer .,neutral
The group 's 12-month operating profit grew 31 percent to 337.8 million euros .,positive
Rental of building equipment accounted for 88 percent of the operating income .,neutral
"SDM offers general rental equipment , aluminium scaffolding , power generator and hoists to customers in the construction sector .",neutral
"Customers wave cards in front of the reader to make payments , similar to `` touch and go '' cards used in transport systems .",neutral
"Nokia Multimedia 's net sales totaled EUR 5.7 bn , up 45 % from the corresponding period in 2005 .",positive
"The deal includes the entire personnel of PlanMill Oy , who will transfer to the new company as so-called old employees .",neutral
"Finnish bank Pohjola Bank Plc HEL : POH1S said today that it will issue a EUR 40 million USD 51.2 m index-linked bond , Pohjola Tutkimuksen Tahdet VIII-2010 Pohjola Research Stars VIII-2010 , on October 27 , 2010 .",neutral
"The reorganisation will be carried out by transferring HKScan Corporation 's production-related property , plant and equipment in Finland as well as its holdings in subsidiaries and associates to HKScan Finland Oy , a holding company wholly owned by HKScan Corporation .",neutral
The combined company had pro-forma net sales of 140 mln euro $ 188.9 mln and an operating profit of 13 mln euro $ 17.5 mln for 2006 .,neutral
The energy sector accounted for approximately 33 % and the steel industry for about 57 % of the transportation volume .,neutral
Olli-Pekka Laine has been appointed as the Chairman and Erkki Pehu-Lehtonen as the Vice Chairman of the Board .,neutral
All YIT Capital Markets Day materials will be available on the company 's Internet site at www.yitgroup.com/investors at 10:30 on September 26 .,neutral
Operating profit fell to EUR 20.3 mn from EUR 74.2 mn in the second quarter of 2008 .,negative
"The composite body is coated with a hard coating layer produced by thermal spraying , and the coating is ground . ''",neutral
Cargotec Germany GmbH has been awarded a contract by Stadtverwaltung Mainz for chassis bodies under Open procedure .,positive
As a part of the agreement 10 employees from the John Deere Forestry documentation functions will transfer to DokuMentori Oy .,neutral
The deal is subject to approval by the Norwegian competition authorities .,neutral
"It now owns 80,565 shares in Amer Sports Corporation , equaling 0.11 % of the company 's share capital and voting rights .",neutral
Pretax profit rose to EUR 17.8 mn from EUR 14.9 mn in 2005 .,positive
"The company is involved in the the sale of financial products including insurance , mortgages , car and personal loans , financial brokerage and equipment finance leasing .",neutral
"Elisa Corporation will disclose its financial statements for 2006 on Thursday , 8 February 2007 .",neutral
"ISMS does not disclose its financial results , the daily said .",neutral
Major Order in India Comptel Corporation has received a significant long-term order for mediation and provisioning solutions being used by a leading operator in India .,positive
The phones are targeted at first time users in growth markets .,neutral
Stora is due to release its fourth-quarter and 2009 full-year earnings on Feb. 4 .,neutral
It also said its third quarter diluted EPS came in at 0.34 eur compared with 0.16 eur in the same quarter a year ago .,positive
"The above mentioned shareholders will suggest that a monthly salary of EUR 1,400 would be paid for the Board members outside the company .",neutral
Finnish waste management and cleaning group Lassila & Tikanoja Oyj ( L&T ) net profit went down to 32.2 mln euro ( $ 47.7 mln ) for 2007 from 35.3 mln euro ( $ 52.3 mln ) for 2006 .,negative
Name of Company in which holdings have been acquired : Citycon Oyj 2 .,neutral
"The maximum grade of the veneer yield is calculated , based on the dimensions and grades of the veneer products , as well as by iterating the places of the peeling axes and simulating the peeling process .",neutral
"This implementation is very important to the operator , since it is about to launch its Fixed-to-Mobile convergence service in Brazil see Brazil : 8 May 2006 : .",neutral
"The company operates a U.S. division in Lisle , Ill. .",neutral
"The Stockmann department store will have a total floor space of over 8,000 square metres and Stockmann 's investment in the project will have a price tag of about EUR 12 million .",neutral
"In the second quarter of 2010 , the company 's net profit was EUR1 .7 m compared to a net loss of EUR1 .3 m in April-June 2009 .",positive
"29 September , 2010 Finnish waste management and recycling company Lassila & Tikanoja expands its operations in Russia by introducing its recently completed recycling plant in the city of Dubna near Moscow .",positive
"In addition to verification of an identity and digital signatures , new state-approved Mobile ID enables to cast votes in elections as well .",neutral
"Byline : Tim Moran Cellular phone giant Nokia Corp. is offering $ 8.1 billion for digital map supplier NAVTEQ Corp. , of Chicago .",neutral
"Goodwill and other intangible assets account for some 2.0 mln euro ( $ 2.6 mln ) of the purchase price , 20 pct of which payable in Aspo shares .",neutral
"says Brian Burton , Head of IT Security , Vodafone UK .",neutral
"Finnish Suominen Corporation that makes wipes , nonwovens , and flexible packaging , expects changes in the market situation to reduce sales of Suominen 's nonwovens and wet wipes from the previously estimated volumes .",negative
Net sales in 2007 are expected to be 10 % up on 2006 .,positive
Any investment or investment activity to which this communication relates is only available to relevant persons and will be engaged in only with relevant persons .,neutral
"In 2007 Talentum will disclose three Interim Reports - Q1 ( January - March ) on Friday , 27 April , 2007 - Q2 ( April - June ) on Friday , 20 July , 2007 - Q3 ( July - September ) on Friday , 26 October , 2007 .",neutral
"ALEXANDRIA , Va. , March 15 -- Jaakko Vilo of Turku , Finland , has developed a panel press .",neutral
Finnish Talvivaara Mining Co HEL : TLV1V said Thursday it had picked BofA Merrill Lynch and JPMorgan NYSE : JPM as joint bookrunners of its planned issue of convertible notes worth up to EUR250m USD332m .,neutral
Lieksaare Oy has earlier been regarded under the control of Saarelainen Oy and the individual shareholders under the shareholder agreement .,neutral
At CapMan Haavisto will be responsible for Group Finances and Accounting and IT .,neutral
"Raute reported a loss per share of EUR0 .86 for the first half of 2009 , against EPS of EUR0 .74 in the corresponding period of 2008 .",negative
The online ice chart shows no ice in the area of Estonia 's sea ports on the coast of the Gulf of Finland .,neutral
"Berling Capital , Umo Capital and Veikko Laine are the biggest shareholders in Amanda Capital .",neutral
"Conference Call To participate via a conference call , please dial in 5-10 minutes before the beginning of the event : +44 0 20 7162 0025 Europe or +1 334-á323-á6201 USA .",neutral
"`` Small firms are suffering at the moment because they are likely to have money trouble , '' he added .",negative
"Sampo Housing Loan Bank , a unit of Finland 's Sampo Bank , has priced its EUR1bn ( USD1 .3 bn ) bond at 99.889 % , Reuters reported .",neutral
The contract is worth some EUR 1 million .,neutral
Welcome !,neutral
The company 's market share is continued to increase further .,positive
"`` I 'm trying to deal with slavery from a different perspective to balance the story , '' says DeRamus , formerly a writer at the Detroit Free Press and the Detroit News .",neutral
"The power supplies , DC power systems and inverters designed and manufactured by Efore , and systems incorporating them are used in many different applications .",neutral
COPYRIGHT AFX News and AFX Financial News Logo are registered trademarks of AFX News Limited,neutral
"Operating profit totalled EUR 21.1 mn , up from EUR 18.6 mn in 2007 , representing 9.7 % of net sales .",positive
"The price of raw material aluminium went up at the end of 2005 , but the company considers its outlook for 2006 favourable .",positive
"HELSINKI ( AFX ) - Nokian Tyres reported a fourth quarter pretax profit of 61.5 mln eur , up from 48.6 mln on the back of strong sales .",positive
The transactions would increase earnings per share in the first quarter by some EUR0 .28 .,positive
"Profitability ( EBIT % ) was 13.6 % , compared to 14.3 % in Q2 2009 .",negative
`` Directors and shareholders alike should ask why these practices were allowed to continue . '',neutral
"Mercator will use the software for its logistic , retail and wholesale operations in Slovenia and its other markets in southeastern Europe .",neutral
"A total of 16.5 mn passenger ship journeys took place in the northern Baltic Sea in 2007 , slightly down from 16.5 mn in 2006 .",negative
Suomen Paikallissanomat Oy is part of Alma Media Group and it currently publishes 15 local newspapers across Finland .,neutral
down to EUR5 .9 m H1 '09 3 August 2009 - Finnish media group Ilkka-Yhtyma Oyj ( HEL : ILK2S ) said today its net profit fell 45 % on the year to EUR5 .9 m in the first half of 2009 .,negative
A total 30 % of the order value was booked in the fourth quarter of 2009 and the remainder will be booked in the second quarter of 2010 .,neutral
"Simmons Elected DCUC Chairman PORTSMOUTH , N.H.-Gordon A. Simmons , CEO of Service Credit Union , has been elected chairman of the Defense Credit Union Council for the 2007-2008 term .",neutral
"In Q2 of 2009 , profit before taxes amounted to EUR 13.6 mn , down from EUR 26.8 mn in Q2 of 2008 .",negative
"Changes being announced today will be effective after the close of trading on Friday , June 19 , 2009 .",neutral
"The group intends to relocate warehouse and office space in Loudeac and Saint Marcel to Morvillars , in the east of the country , where it already operates a hook manufacturing and distribution unit .",neutral
"`` The industry is coming to an interesting fork in the road as both handset manufacturers and wireless carriers attempt to serve as the portal for Web-based service to your wireless handset , '' he wrote .",neutral
"The announcement pushed Freenet shares down 6.3 % , or EUR0 .71 , in Frankfurt trade to EUR10 .65 as investors gave up hope United Internet AG and Drillisch would pursue their own takeover and breakup of Freenet .",negative
"For 2009 , net profit was EUR3m and the company paid a dividend of EUR1 .30 apiece .",neutral
Operating profit for 2009 lower than outlook published earlier .,negative
Alfa group will have 43.9 % of voting stock in the new company and Telenor 35.4 % with a free float of 20.7 % .,neutral
"Cash flow after investments amounted to EUR45m , down from EUR46m .",negative
"In the second quarter of 2010 , the group 's pretax loss narrowed to EUR 400,000 from EUR 600,000 .",positive
The figure does not include food exports from Finland .,neutral
Operating profit excluding restructuring costs grew to EUR 44.5 million from EUR 31.7 million while operating profit including restructuring costs showed even larger growth to EUR 38.5 million from EUR 7.4 million .,positive
The deal will have no significant effect on the acquiring company 's equity ratio .,neutral
"Like all other mechanical pipettors from Biohit , also Proline Plus is CE-IVD marked and comes with a 3-year warranty .",neutral
"During the rally , which was authorized by the city administration , a consulate official came out to the workers , spoke to them and took a letter from them .",neutral
It is expected to be online by 2011 .,neutral
"The Tecnomen Convergent Charging solution includes functionality for prepaid and post-paid billing , charging and rating of voice calls , video calls , raw data traffic and any type of content services in both mobile and fixed networks .",neutral
No financial details were disclosed .,neutral
The diluted loss per share narrowed to EUR 0.27 from EUR 0.86 .,positive
Finnish OKO bank has signed a cooperation agreement with Raiffeisen concerning Finnish companies ' investments in Russia .,positive
"The train is expected to cross the Russian territory in 9 days , reaching the Vostochny port .",neutral
Activities range from the development of natural resources to the retailed marketing of finished products .,neutral
"At some point , it will spread also to Iran and Iraq .",neutral
"The business area has operations in Finland , Sweden , Denmark , Estonia , Latvia and Lithuania .",neutral
"Both operating profit and turnover for the six-month period increased , respectively from EUR0 .1 m and EUR29 .0 m , as compared to the corresponding period a year ago .",positive
The bond has a value of EUR150m and a maturity of 4 years .,neutral
The output of the contracts totals 72 MWe .,neutral
Operating profit was EUR 1.6 mn in 2005 compared to EUR 5.9 mn in 2004 .,negative
The previous offer was 3.4 % of voting rights and 12.3 % of capital .,neutral
"Furthermore , sales of new passenger cars and light commercial vehicles in the country declined by 5.4 % year-on-year last month .",negative
The combined value of the orders is EUR 45mn .,neutral
"Incap Corporation Stock Exchange Announcement 29 April 2010 at 1 p.m. INVITATION TO A NEWS CONFERENCE ON INCAP 'S INTERIM REPORT Q1-2010 Incap will publish its interim report for January-March 2010 on Wednesday , 5 May 2010 .",neutral
The negotiations will concern the plant 's department producing winded roving that employs 10 people .,neutral
Comptel Corporation will publish its financial statements for 2008 on 12 February 2009 .,neutral
"The first phase of the logistics complex envisages the completion of some 70,000 sq m of logistics premises and the gatehouse building in November 2008 .",neutral
"9 September 2010 - Finnish stationery and gift retailer Tiimari HEL : TII1V said today its net sales rose by 2 % year-on-year to EUR5 .7 m in August 2010 , driven by growth in Finland , while demand in the Baltics remained weak .",positive
"It is a member of the OneWorld alliance , which includes American Airlines and British Airways .",neutral
"Nordea Bank AB publ holds 6.000 Alma Media shares , representing 0.008 % of share capital and voting rights .",neutral
"The contract covers the supply of temporary heating equipment for LKAB 's new pellet plant in Kiruna , in northern Sweden .",neutral
"Thus the group 's balance sheet will have about EUR25 .8 m in goodwill for 2010 , the company added .",neutral
The fair value of CapMan Plc 's own investments on 30 September 2008 amounted to MEUR 59.8 .,neutral
"Finnish financial group Aktia reports operating profit of EUR 44.4 mn in January-September 2009 , up from EUR 37.3 mn in the corresponding period in 2008 .",positive
The ship unloader is totally enclosed along the entire conveying line to the storage facilities .,neutral
The share subscription period will expire on 30 September 2007 .,neutral
Its market share widened to 48.51 percent from 48.31 percent a year earlier .,positive
"The share capital of Alma Media Corporation (business ID 1944757-4)is EUR 45,031,513.80 and it is divided into 75,052,523 shares .",neutral
"Stora Enso 's business in North America has annual capacity of about 3 million tons and employs about 4,350 people .",neutral
Mr Jortikka is president of the base metal division of Outotec Oyj in Finland and is on the executive committee of Outotec .,neutral
Return on investment ROI was 4.1 % compared to 43.8 % in the first half of 2008 .,negative
"Finnish IT solutions provider Affecto Oyj HEL : AFE1V said today its slipped to a net loss of EUR 115,000 USD 152,000 in the second quarter of 2010 from a profit of EUR 845,000 in the corresponding period a year earlier .",negative
"The process , technology , project management , basic engineering and quality assurance within Forest Industry will be consolidated in Vantaa , southern Finland .",neutral
"In this way , the industry 's starting point has been the consumers ' needs .",neutral
Earnings per share were higher at 0.48 against 0.37 a year before and ahead of market consensus of 0.40 eur .,positive
"Earlier today , Geberit 's Finnish rival Uponor OYJ cut its full-year sales growth forecast to 6 pct from 10 pct , blaming tough conditions in Germany and the US , as well as currency factors .",negative
"The world 's second largest stainless steel maker said net profit in the three-month period until Dec. 31 surged to euro603 million US$ 781 million , or euro3 .33 US$ 4.31 per share , from euro172 million , or euro0 .94 per share , the previous year .",positive
"Tampere Science Parks is a Finnish company that owns , leases and builds office properties and it specialises in facilities for technology-oriented businesses .",neutral
The new organization consists of two business units : Charging & Messaging and Finance & Administration .,neutral
"These sections will be put into place to form the load-bearing steel structure of the bridge , '' says Sami Eronen , Senior Vice President , Infrastructure and Northern Europe , Ruukki Construction .",neutral
"According to Finnish Metso Minerals , the value of the company 's orders has gone up to EUR 1.9 bn in 12 months .",positive
"Besides , as there is no depositor preference in Finland , senior debt and deposits rank on a par , which is also taken into consideration , the agency added .",neutral
Profit after taxes totaled EUR 12.1 mn .,neutral
NWC ANALYSIS :,neutral
The operating margin came down to 2.4 % from 5.7 % .,negative
"Operating profit totaled EUR 825mn , up from EUR 763mn in 2004 .",positive
"Vehvilainen , who is currently the chief operating officer at Nokia Siemens Networks , will join Finnair on 5 January 2010 and take over as CEO effective 1 February 2010 .",neutral
"Net income from life insurance rose to EUR 16.5 mn from EUR 14.0 mn , and net income from non-life insurance to EUR 22.6 mn from EUR 15.2 mn in 2009 .",positive
Prices and delivery volumes of broadband products decreased significantly in 2005 .,negative
The company will propose a dividend of EUR0 .12 per share for 2008 .,neutral
"When dialing in , the participants should quote 877417 as conference ID .",neutral
Incap Contract Manufacturing is a subsidiary of Incap Corporation of Finland .,neutral
Competition authorities will have to approve the deal before it can be finalized .,neutral
The estimated annual value of the frame agreement is about EUR 50mn .,neutral
The Company turnover amounted to MEUR 27.9 in 2007 .,neutral
"( ADP News ) - Feb 9 , 2009 - Finnish computer services company Proha Oyj ( HEL : ART1V ) said today its net loss narrowed to EUR 113,000 ( USD 146,000 ) for 2008 from EUR 1.2 million for 2007 .",positive
"` Nordea 's definitely too big for Sampo to acquire , ' said an analyst ` But Sampo would appear to have an agenda for Nordea ahead of the privatisation .",neutral
"The chain posted sales of 298 million euros for full 2005 , a rise of 19.5 percent , year-on-year .",positive
Marathon estimates the value of its remaining stake in Protalix at $ 27 million .,neutral
Relations with the City have been further damaged by comments from Mr Ashley criticising City investors and analysts as `` cry babies '' .,negative
Total operating revenue grew by 27.6 % year-on-year to EUR61m .,positive
"Profit for the period totalled EUR 1.1 mn , down from EUR 1.6 mn in the third quarter of 2008 .",negative
"Alma Media 's operating profit amounted to EUR 11.9 mn , down from EUR 15.0 mn a year earlier .",negative
LONDON MarketWatch -- Share prices ended lower in London Monday as a rebound in bank stocks failed to offset broader weakness for the FTSE 100 .,negative
The value of the order is USD 2.2 mn .,neutral
Decisions are to be made as quickly as possible .,neutral
"At the same time profit of the company increased by 10 % in H1 and reached Ls 79,000 .",positive
"Finnish silicon wafer technology company Okmetic Oyj OMX Helsinki : OKM1V reported on Thursday 30 October an operating profit of EUR7 .4 m for January-September 2008 , up from EUR6 .1 m in the corresponding period in 2007 .",positive
Sales rose 10 pct to 566 mln eur on the back of strong volume and favourable currency effects .,positive
`` Those uncertainties cloud the long-term outlook . '',negative
The combined value of the planned investments is about EUR 30mn .,neutral
"In 2008 , AVC Systemhaus had net sales of EUR 10 million USD 7.1 m .",neutral
"The product range includes marinated olives , cold cuts , and pates , for example .",neutral
"Through the Nordic Exchange , OMX offers access to approximately 80 percent of the Nordic and Baltic securities market .",neutral
Clothing chain Sepp+ñl+ñ 's net sales increased by 7.0 % to EUR 30.8 mn .,positive
The value of the orders is about EUR 25mn .,neutral
"narrows to EUR2 .8 m 9-mo '09 29 October 2009 - Finnish software and hardware developer Elektrobit Oyj HEL : EBG1V , or EB , said today that its net loss narrowed to EUR2 .8 m for the first nine months of 2009 from EUR35 .6 m for the same period a year ago .",positive
The annual net sales of the unit is some EUR 5 million and it currently employs some 55 people .,neutral
"The total restructuring costs are expected to be about EUR 30mn , of which EUR 13.5 mn was booked in December 2008 .",neutral
"In Finland 's Hobby Hall 's sales decreased by 10 % , and international sales fell by 19 % .",negative
The terms and conditions of the Stock Option Scheme 2008 are available on the Company 's internet pages www.sanoma.com .,neutral
"S Group 's loyal customer magazine Yhteishyv+ñ came second with 1,629,000 readers and Sanoma Corporation 's daily newspaper Helsingin Sanomat was third with 1,097,000 readers .",neutral
Danske Bank is Denmark 's largest bank with 3.5 million customers .,neutral
"At the end of March 2009 , the company 's loans amounted to EUR 10.113 mn .",neutral
The repurchase of the bonds was executed in the open market in accordance with section 7 f of the terms and conditions of the Convertible Bonds .,neutral
"The order consists of outsourced application management , support and planning for Tecnotree and third-party applications .",neutral
The company has an annual turnover of EUR32 .8 m.,neutral
The company also said that in Poland a profitability program has been launched at the Oborniki steel frame and sandwich panel plant .,positive
HELSINKI AFX - KCI Konecranes said it has won an order for four hot metal ladle cranes from Indian steel producer Bhushan Steel and Strips Ltd. .,positive
"Tallink Silja attributes the significant drop to problems with the booking system that was taken into operation in October , the sale of trailer ferry ` Sky Wind ' and the route between Stockholm and Riga , which has won passengers from the Helsinki-Stockholm route .",negative
Completion of the transaction is subject to a final agreement and a Due Diligence process .,neutral
Sanoma Magazines International will invite other shareholders holding approximately 15 % of the shares to sell their shares .,neutral
"In the end of 2006 , the number of outlets will rise to 60-70 .",positive
"The offer of some 30 million shares aimed to raise more than  x20ac 500 million US$ 640 million , was expected to be completed by Oct. 9 , Outokumpu said .",neutral
"L&T is operative in Finland , Sweden , Latvia , Russia and Norway .",neutral
No financial details of the deployment were disclosed .,neutral
"TietoEnator was down 1.13 pct to 18.38 , extending recent lows after last week 's second-quarter report , dealers said .",negative
Passenger volumes rose by 8.4 % in the accounting period .,positive
The company 's board of directors will propose a dividend of EUR 0.14 for 2008 at the annual general meeting .,neutral
Terms were not disclosed .,neutral
The issuer is solely responsible for the content of this announcement .,neutral
"Last year , 8.3 million passengers flew the airline , down 4 percent from 2007 .",negative
"The share capital of Alma Media Corporation business ID 1944757-4 is EUR 44,767,513.80 and it is divided into 74,612,523 shares .",neutral
The stock rose for a second day on Wednesday bringing its two-day rise to GBX12 .0 or 2.0 % .,positive
The investment will be worth approximately EUR 100mn .,neutral
"Ethanol would be made from barley , and production could start in 2008 .",neutral
"The shares subscribed for under the stock options were registered in the Trade Register on 20 January 2011 , as of which date the new shares will establish shareholder rights .",neutral
"EXEL COMPOSITES IN BRIEF Exel Composites is a technology company which designs , manufactures and markets composite profiles and tubes for industrial applications .",neutral
"The total scope of the project is about 38,000 square metres and it is valued at a total of around EUR75m .",neutral
The contract has been allotted as per lowest price criteria .,neutral
The new name of the Sanoma Division will be Sanoma News .,neutral
The value of the order is nearly EUR400m .,neutral
Operating profit rose to EUR 26.7 mn from EUR 14.9 mn in the corresponding period in 2006 .,positive
An international conference call and audio webcast concerning the financial result January-March 2010 will begin at 14.00 EET .,neutral
The net sales of the whole fiscal year 2008 will be lower than in 2007 and operating profit is estimated to be negative .,negative
The contract includes heating plant equipment and associated installation work .,neutral
Finnair 's total traffic decreased by 8.7 % in terms of revenue passenger kilometres .,negative
The sellers were the founders of the company .,neutral
- Profit before taxes was EUR 105.9 82.7 million .,neutral
Finnish Aktia Group 's operating profit rose to EUR 17.5 mn in the first quarter of 2010 from EUR 8.2 mn in the first quarter of 2009 .,positive
No other ev3 devices were involved in this action .,neutral
"The flagship will open this fall in Manhattan 's Flatiron District in the `` Toy Building , '' at 200 Fifth Avenue .",neutral
"Finnish shipping company Finnlines , of the Grimaldi Group , reports its net sales decreased to EUR 241.8 mn in January-June 2009 from EUR 384.0 mn in the corresponding period in 2008 .",negative
"Lemminkainen Infra Oy 's subsidiary Lemminkainen Sverige AB will perform the construction work , which is expected to start in early 2011 and to be completed in the summer of 2013 .",neutral
"The store is located in Poznan in a shopping center named Pestka , the company added .",neutral
"The biggest sellers in the chain 's supermarkets in Finland are organic Pirkka tomatoes , carrots , eggs , and meat products .",neutral
"Finnish airline Finnair has won a deal with the UK public sector to be the official airline for flights from London Heathrow to Osaka in Japan , as well as flights between Manchester in the UK and Helsinki in Finland .",positive
"She will succeed Krister Kylas , who has decided to leave TeliaSonera .",neutral
"Dealers said the share was largely hit by investor disappointment about a refining margin of just 9.48 usd per barrel for the quarter and the performance of its shipping unit , which saw EBIT drop to 5 mln eur from 20 mln eur a year amid a fall in volumes and tanker rates .",negative
"Finnair 's Tallinn-based subsidiary , Aero AS , carried 23,335 passengers , a decline of 60.8 % , on routes between Helsinki and the Baltic capitals and within Southern Finland .",negative
"Profit before taxes amounted to EUR 56.5 mn , down from EUR 232.9 mn a year ago .",negative
The forecast for 2012 is 3.3 % .,neutral
"In 2008 , Kemira recorded revenue of approximately EUR 2.8 billion and had a staff of 9,400 .",neutral
The company reported today an operating loss of EUR0 .1 m on net sales of EUR4 .5 m for the first quarter 2008 .,negative
"MegaFon 's subscriber base increased 16.1 % in 2009 to 50.5 million users as of December 31 , while its market share by the number of customers amounted to 24 % as of late 2009 , up from 23 % as of late 2008 , according to TeliaSonera estimates .",positive
The Moscow Metro ( www.mosmetro.ru ) was the first metro system in Europe to implement smart cards together with a new type of magnetic card in 1998 .,neutral
"FL Group 's private equity division manages all operating companies , including Icelandair Group , FL Travel Group , Bluebird and Sterling .",neutral
"ALEXANDRIA , Va. , May 16 -- Kenneth Bower of Vista , Calif. , has developed an ornamental design for a handset , the U.S. Patent & Trademark Office announced .",neutral
"The devices would be launched in the Chinese market in late 2006 , the company said .",neutral
The value of the three-year contract is estimated at EUR40m .,neutral
"`` Over the years , the color orange has become synonymous with quality .",neutral
The duration of the contract is 37 months .,neutral
"However , sales volumes in the food industry are expected to remain at relatively good levels in Finland and in Scandinavia , Atria said .",positive
"Net sales of Finnish Sanoma Learning & Literature , of Finnish media group Sanoma , decreased by 3.6 % in January-June 2009 totalling EUR 162.8 mn , down from EUR 168.8 mn in the corresponding period in 2008 .",negative
"The company 's transportation business is conducted through Florida Rock & Tank Lines , which is a Southeastern transportation company concentrating in the hauling by motor carrier of liquid and dry bulk commodities .",neutral
"Net sales surged by 18.5 % to EUR167 .8 m. Teleste said that EUR20 .4 m , or 12.2 % , of the sales came from the acquisitions made in 2009 .",positive
"In the second quarter of 2010 , the group 's net profit rose to EUR 3.1 million from EUR 2.5 million in April-June 2009 .",positive
Its market share is 6 percent according to AC Nielsen 's 2008 data .,neutral
"Aldata Solution Oyj Bertrand Sciard President and CEO Further information : Aldata Solution Oyj , Bertrand Sciard , President and CEO , tel. +33 1 46 48 28 00 Aldata 100 % Retail-Wholesale At Aldata 100 % of our business is dedicated to retail and wholesale business improvement .",neutral
com and possibly also through photo-msn .,neutral
The divested activities had net sales of EUR 145.1 million in 2009 and an operating profit of EUR 8.9 million .,neutral
"The cost of the deal could range from 70 million to 90 million euros depending on the financial results of the two companies in 2008 , the statement says .",neutral
The company said that sales in the three months to the end of March slid to EUR86 .4 m US$ 113.4 m from EUR91 .2 m last year .,negative
"The business has sales of about ( Euro ) 35 million ( $ 44million ) , and has been responsible for sales and marketing of Lanxess 's paper chemicals business , which Kemira bought for ( Euro ) 88 million early this year ( CW , Jan. 11 , p. 22 ) .",neutral
Also the development of online businesses will continue .,neutral
"Swedish , Finnish and Danish listed companies are organized in three market cap segments , Nordic Large Cap , Mid Cap and Small Cap .",neutral
"BasWare 's CEO Ilkka Sihvo comments in conjunction with the Interim Report : `` As a whole , BasWare succeeded well in the second quarter of 2007 .",positive
"The business is organised , as of February 1 , 2011 , in a way that production of design services is combined into one entity , Etteplan Operations .",neutral
"Outotec 's delivery covers the engineering , supply and construction of a circulating fluid bed calcination plant with a capacity of 1,600 tons of alumina per day .",neutral
The MET is located in the Central Business District ( CBD ) of Bangkok .,neutral
"According to preliminary data from Slovakia 's Statistics Office , goods worth E36 .4 million were imported from Finland between January and October 2010 , making up 0.1 percent of Slovakia 's total imports .",neutral
Diluted earnings per share ( EPS ) rose to EUR 1.05 from EUR 0.64 .,positive
"N +1 Group will pay EUR16 .5 m of the transaction price upon closing , and the remaining sum in 2012 .",neutral
"In August-October 2010 , the company 's result before taxes totalled EUR 9.6 mn , up from EUR 0.5 mn in the corresponding period in 2009 .",positive
"Production levels have been agreed with producers a long time ago , so a fall in consumption will lead to losses .",negative
"Finnish shipping company Finnlines ' pretax loss totalled EUR 6.5 mn in the third quarter of 2009 , compared to a profit of EUR 0.3 mn in the third quarter of 2008 .",negative
"In 2008 , the deal is likely to bring savings of EUR 20mn-25mn .",positive
10 February 2011 - Finnish media company Sanoma Oyj HEL : SAA1V said yesterday its 2010 net profit almost tripled to EUR297 .3 m from EUR107 .1 m for 2009 and announced a proposal for a raised payout .,positive
Customers include hotels and restaurants as well as wholesalers and some retailers .,neutral
"H+Ñkan Dahlstr+Âm , head of mobility services at TeliaSonera , has forecast that mobile data volume on the TeliaSonera network in Sweden will rise eight-fold to 200,000 TB by 2014 .",positive
The server is responsible for managing devices and user accounts and a desktop client application enables remote access to the mobile phones .,neutral
Net sales surged by 30 % to EUR 36 million .,positive
"Upon establishment , the plan is directed to approximately 20 persons .",neutral
This amount will not be included in the pensionable salary .,neutral
"Elcoteq SE Stock Exchange Announcement February 4 , 2009 at 10.00 am ( EET ) Elcoteq will publish its financial statements bulletin 2008 on Wednesday , February 11 , at 9.00 am ( EET ) .",neutral
"Below are consolidated , unaudited results for Amanda Capital under IFRS reporting standards .",neutral
"The total investment in the Vantaa plant extension will amount to around 10 million euro , and Okmetic 's share of the investments will be worth around 2.7 million .",neutral
"According to Finnish Scanfil 's founder and chairman of the board , Jorma J. Takanen , the company has to look for growth abroad .",neutral
Panostaja did not disclose the purchase price .,neutral
"When completed , the 120-meter Watchtower will be the highest building in Ireland .",neutral
No financial details were revealed .,neutral
The company now estimates its net sales in 2010 to increase considerably from 2009 and its operating result to be clearly positive .,positive
The transaction is planned to be financed with a EUR40m market-based loan granted by Standard Chartered Bank Hong Kong .,neutral
"Favourable currency rates also contributed to higher net sales , '' CEO Kari Kauniskangas said .",positive
"The decision reflects the underutilisation of the line , which produces nonwovens used in medical and wipes applications as well as for the automotive industry .",neutral
"For the last quarter of 2010 , Componenta 's net sales doubled to EUR131m from EUR76m for the same period a year earlier , while it moved to a zero pre-tax profit from a pre-tax loss of EUR7m .",positive
"LONDON AFX - Shares in Rautaruukki Corp have been upgraded to ` hold ' from ` sell ' by ABN Amro , with the price target raised to 25.75 eur from 14.5 , said dealers .",positive
"Operating profit was EUR -0.1 mn , down from EUR 1.3 mn .",negative
"The business had gross written premiums of EUR152 .4 m (  91.5 m ) in 2000 , a net combined ratio of 133 % and 175 staff in total with offices in the UK , Germany and Benelux .",neutral
Pretax profit decreased to EUR 33.8 mn from EUR 40.8 mn in the fourth quarter of 2005 .,negative
Combined net sales in 2006 were $ 27 million and EBITDA was $ 13.7 million .,neutral
The pretax profit of the group 's life insurance business increased to EUR36m from EUR27m .,positive
`` The issues identified by Stonesoft affect a range of content inspection technology .,neutral
The growth of net sales has continued favourably in the Middle East and Africaand in Asia Pacific .,positive
Neste Shipping is the most likely to remain Finnish as the oil sector and its transports are significant for emergency supply .,neutral
"`` This is a significant milestone for Benefon , helping us to secure critical USP 's for our personal navigation product roadmap for 2007 and beyond , '' commented Simon Button , Chief Technology Officer at Benefon .",positive
Pretax profit rose to EUR 0.6 mn from EUR 0.4 mn in the corresponding period in 2005 .,positive
"Olvi , which controls a 94 percent stake in Ragutis through A. Le Coq , said in its annual report published earlier this year that the Lithuanian brewery 's sales reached 15.04 million euros last year , a rise of 20.4 percent from 12.49 million euros in 2004 .",positive
"Incap Contract Manufacturing will carry out the manufacturing for these agreements at its factory in Tumkur , near Bangalore .",neutral
"Ahlstrom Corporation STOCK EXCHANGE ANNOUNCEMENT 23.4.2007 Ahlstrom Corporation will publish its first quarter financial results 2007 on Friday , April 27 , 2007 approximately at 8.30 a.m. Finnish time .",neutral
20 October 2010 - Finnish metal products company Componenta Oyj HEL : CTH1V said yesterday that its net loss narrowed to EUR7m for the first nine months of 2010 from EUR23 .3 m for the same period of 2009 .,positive
L&T 's net profit for the whole 2010 dropped to EUR 36 million from EUR 45 million for 2009 .,negative
"Unbelievably , the company that makes them - Fiskars Corporation - was formed in 1649 when a Dutch merchant named Peter Thorwoste was given a charter to establish a blast furnace and forging operation in the small Finnish village of Fiskars .",neutral
The Group 's order portfolio decreased from EUR 42.9 mn in 9-2007 to EUR 33.3 mn in 2-2008 .,negative
Delivery is due in the second half of 2011 .,neutral
"Operating profit totalled EUR 0.4 mn , up from an operating loss of EUR 0.8 mn year-on-year .",positive
"` Sanoma is a buyer not a target , ' he said .",neutral
Device volume in the area decreased by 21 % to 2.7 mn units .,negative
Olvi has posted a strong set of figures for the first six months of this year .,positive
`` Our Vaalipalvelu-service was especially developed for use by communities and organizations .,neutral
"Vaisala , headquartered in Helsinki in Finland , develops and manufactures electronic measurement systems for meteorology , environmental sciences , traffic and industry .",neutral
"Net cash from operating activities was a negative EUR 0.3 mn , compared to EUR 30.9 mn in 2009 .",negative
Diluted earnings per share ( EPS ) rose to EUR 0.52 versus EUR 0.09 .,positive
"The prerequisite for inclusion in the program and for receipt of any gains is that key employees acquire Aspo shares to the amount determined by the Board in advance , in the maximum .",neutral
"The firm is headquartered in Vantaa , southern Finland and has 16 employees .",neutral
"Componenta is a metal sector company with international operations and production plants located in Finland , the Netherlands , Sweden and Turkey .",neutral
"Price talk is in the mid-market swaps plus 105 bps area and the leads are Barclays , BNPP , UBS and CBA .",neutral
Operating profit improved by 16.7 % to EUR 7.7 mn .,positive
"Profit after taxes for the period was up to EUR0 .9 m , from EUR0 .01 m last year .",positive
"The Costanza light , with an aluminum base and washable shade , comes in white , pistachio , orange , blue and red .",neutral
Net sales decreased to EUR 91.6 mn from EUR 109mn in the corresponding period in 2005 .,negative
"There will be return flights from Stuttgart every morning , as well as evening departures on Thursdays , Fridays and Sundays .",neutral
The EA Reng group posted sales of approximately 84 million kroons for 2007 .,neutral
It has some 30 offices worldwide and more than 90 pct of its net sales are generated outside Finland .,neutral
"The price of the 10,000 kroon par value bonds was 9663,51 kroons in the primary issue .",neutral
Finnish media company Talentum Oyj 's net profit decreased to 2.5 mln euro ( $ 4.0 mln ) for the first quarter of 2008 from 3.0 mln euro ( $ 4.7 mln ) for the same period of 2007 .,negative
"Operating profit totalled EUR 30.2 mn , down from EUR 43.8 mn a year earlier .",negative
"The contractor of the shopping center , China State Construction Engineering Corporation , has previously built e.g. airports , hotels and factories for large international customers in different parts of the world .",neutral
"The company generates net sales of about 600 mln euro $ 775.5 mln annually and employs 6,000 .",neutral
"Systeemitiimi 's sales and project resources will also be strengthened , director Paul Skogberg said .",positive
"Operating profit totaled EUR 9.4 mn , down from EUR 11.7 mn in 2004 .",negative
"Rockwell Collins is a provider of flight deck , cabin and information management solutions for business aircraft operators .",neutral
"schwalm ( at ) outotec.com Eila Paatela , Vice President - Corporate Communications tel. +358 20 529 2004 , mobile +358 400 817198 e-mail eila .",neutral
"Vaisala 's Present Weather Detector measures visibility up to 20 km , as well as precipitation type and intensity .",neutral
"In the Baltic countries , sales fell by 42.6 % .",negative
Cash Flow from Operations for the most recent quarter also reached a eight year low .,negative
The original contract was signed last summer .,neutral
"Profit per share was EUR 1.03 , up from EUR 0.87 .",positive
The financial statements release will be available after publishing on the Company 's internet pages at www.cargotec.com .,neutral
Finnish publishing and printing group Ilkka-Yhtym+ñ will introduced a staff smoking ban as of the beginning of 2007 at the company 's three newspapers .,neutral
Increase in the number of shares is based on the option rights which were granted to the management of the company under the stock option plan 2006 .,neutral
The company is presently examining whether the project would be financially feasible .,neutral
Commission income rose by 25.7 % to EUR 16.1 mn from EUR 12.8 mn in 2004 .,positive
"Cablevision Systems Corp. CVC Their Madison Square Garden division owns and operates the New York Knickerbockers basketball team ; they also own the Madison Square Garden Arena , the New York Rangers hockey team , the New York Liberty women 's basketball team , and the Hartford Wolf Pack hockey team .",neutral
"The Company serves approximately 3,000 customers in over 100 countries .",neutral
"Kemira 's R&D organization comprises approximately 750 people , the company said .",neutral
The purchase sum is about EUR 10mn US$ 12.97 mn .,neutral
"Previously , the company anticipated its operating profit to improve over the same period .",positive
The value of the contract is in total USD12m .,neutral
Microsoft last week also issued the first patch for the Windows 7 operating system beta it had released days earlier .,neutral
Marimekko is considering further measures in the matter .,neutral
"CS Cabot exports 55 % of its production mainly to Goodyear , Bridgestone and Michelin plants in Poland , as well as to Germany 's Michelin or Italy 's Pirelli through the company 's logistics center in Paris , Stefan said .",neutral
The pretax profit of the group 's life insurance business increased to EUR 36 million from EUR 27 million .,positive
"The tests , conducted at Nokia Siemens ' LTE center of competence in Espoo , Finland , follow the company 's production start of LTE-ready Flexi Multiradio Base Stations for the 800 MHz band in April 2010 , and complement earlier tests with Nokia on the 2100 MHz and 2600 MHz bands .",neutral
"The report profiles 614 companies including many key and niche players worldwide such as Black & Decker Corporation , Fiskars Corporation , Fiskars Brands , Inc. , Husqvarna Outdoor Products Inc. , K+S Group , Ryobi Technologies , Inc. , The Scotts Miracle-Gro Company , and Van Group , Inc. .",neutral
"Profit before taxes decreased by 9 % to EUR 187.8 mn in the first nine months of 2008 , compared to EUR 207.1 mn a year earlier .",negative
SCANIA Morgan Stanley lifted the share target on Swedish heavy-duty truck and bus maker Scania AB to 330 crowns ( $ 42.4 - 35.2 euro ) from 310 crowns ( $ 39.8 - 33.1 euro ) .,positive
"In July-September 2008 , YIT 's net sales increased to EUR 970.8 mn , compared to EUR 906.8 mn in the corresponding period in 2007 .",positive
The energy shot is packed in a 100-millilitre bag with a screw cap .,neutral
The order was valued at over EUR15m .,neutral
Operating profit rose to EUR2 .4 m from EUR1 .6 m year earlier .,positive
"ENP Newswire - 22 March 2011 Release date - 21032011 - A total of 13,000 Talvivaara Mining Company Plc 's new shares were subscribed for during the period between 1 January 2011 and 28 February 2011 under the company 's stock option rights 2007A .",neutral
Diluted earnings per share ( EPS ) declined to EUR 0.78 from EUR 1.76 .,negative
"In Q1 of 2010 , Bank of +àland 's net interest income increased from EUR 9.1 mn to EUR 9.7 mn .",positive
"The company 's operating income ( EBIT ) totalled EUR 0.0 mn , up from EUR -0.3 mn year-on-year .",positive
"EPS from continuing operations came in at 0.30 eur , up from 0.17 .",positive
"The study evaluated the safety , tolerability and pharmacokinetics of repeated doses of intravenously administered antibody in 26 patients with active plaque psoriasis .",neutral
The proposal of the shareholders to elect Mr. Hannu Krogerus to the Board is based on his long and unrivalled experience and knowledge of all matters related to Elcoteq .,neutral
The share of the share capital of both above mentioned shareholders remains below 5 % .,neutral
Operating profit rose to EUR 5mn from EUR 2.8 mn in the fourth quarter of 2008 .,positive
"In January-September 2010 , Fiskars ' net profit went up by 14 % year-on-year to EUR 65.4 million and net sales to EUR 525.3 million from EUR 487.7 million .",positive
"In the third quarter , net sales increased by 12 % year-on-year to EUR 159.5 million , or by 6 % at comparable currency rates growth .",positive
Why not subscribe to the magazine ?,neutral
"The mill 's raw material need will increase by 100,000 m3 of wood .",neutral
Operating result including non-recurring items rose to EUR 146mn from a loss of EUR 267mn in 2009 .,positive
"Net interest income totaled EUR 15.9 mn , compared to EUR 15.6 mn a year earlier .",positive
The idea of saving electricity in data transfer is still a new one .,neutral
"However , Biohit estimates its total net sales will continue to grow in 2009 , and that favourable trends in net sales will lead to a profit in 2009 .",positive
"The cosmetics collection includes an eye shadow , face powder , lip gloss , mascara and accessories .",neutral
"The changes will take effect on 1 January 2010 , and they are not estimated to have an impact on the number of employees .",neutral
"Presentation materials will be posted on the company 's website : www.seahawkdrilling.com in the `` Investor Relations '' section , on the `` Webcast & Presentations '' tab .",neutral
"mn , and pretax profit to EUR 46.4 mn from EUR 35.8 mn in the third quarter of 2006 .",positive
LONDON MarketWatch -- Nokia nok said it 's won a five-year services contract to run Hutchison Essar 's network operations in nine locations in India .,positive
"Mika Stahlberg , VP F-Secure Labs , said , `` We are excited and proud that F-Secure has been recognized by AV-Comparatives as the Product of the Year .",positive
"According to HKScan Finland , the plan is to increase J+ñrvi-Suomen Portti 's net sales to EUR 80mn to EUR 100mn .",positive
"Financial Statements include the consolidated financial statements of the Group , the Board of Directors ' Report , the Auditors ' Report and the Corporate Governance Statement .",neutral
"According to the Finnish-Russian Chamber of Commerce , all the major construction companies of Finland are operating in Russia .",neutral
"The sellers include 40 shareholders , including Intellibis management , employees and other investors .",neutral
Coffee will be served starting at 14:30 EET as well as after the event .,neutral
Ms Laakso will be responsible for HKScan 's HR functions and for their development in all of the Group ` smarket areas .,neutral
"Latin America currently accounts for approximately 40 % of sales at Tecnotree , company president and CEO Eero Mertano recently told BNamericas .",neutral
The customers will have an access to integrated propeller and gear packages from one source .,neutral
`` Demand for sports equipment was good in 2005 .,positive
The bank VTB24 provides mortgage loans to buy apartments in the complex at 11-13 % per annum in rubles .,neutral
"BAVARIA Industriekapital AG 's 2006 revenues were EUR 333 million , with an EBITDA of EUR 51 million .",neutral
"Meanwhile , Alfa owns 25.1 % of MegaFon through Altimo , and 4.99 % of Turkcell via an 18.5 % stake in Cukurova Holding .",neutral
"The E7 smartphone will be available for Rs35 ,000 per handset across India , '' Nokia India vice-president & managing director D Shivakumar told reporters .",neutral
"On the following workday customers can check from their home computers how their purchases are divided between different ingredient groups , how much energy various products contain and what is the nutritional content of all purchases .",neutral
The non-recurring costs caused to Talentum 's Premedia business area by the restructuring will amount to 2.0 mln euro $ 2.7 mln and will be included in the company 's financial results for the second quarter of 2007 .,neutral
The value of the orders is over EUR 10mn .,neutral
Diluted earnings per share ( EPS ) rose to EUR 3.68 from EUR 0.50 .,positive
"Established in 1987 , the SRV Group is a private Finnish construction concern with operations in Finland , the Baltic countries and Russia .",neutral
Choose from a Giant Countdown with red head or rainbow trout -- or the Giant Shad Rap in perch color .,neutral
It will also strengthen Ruukki 's offshore business .,positive
Bluewin Security is available as a monthly subscription .,neutral
Rautaruukki said construction group YIT has awarded it a 2.5 mln eur contract to supply the steel structures for a new bridge spanning the Kemijoki river in Northern Finland .,positive
"Operating profit was EUR 9.8 mn , compared to a loss of EUR 12.7 mn in the corresponding period in 2009 .",positive
"At the end of the review period , Nordic Aluminium 's order book stood at EUR 8.77 mn compared to EUR 7.04 in 2005 .",positive
No changes in media activity were seen in October compared with September .,neutral
The customer is local company Etera Mutual Pension Insurance Co and the principal tenant of the unit will be media company Alma Media Corp HEL : ALN1V .,neutral
Finnish consumer packaging manufacturer Huhtamaki Oyj said it swung to a net profit of 84.1 mln euro $ 105.6 mln in the first nine months of 2006 from a net loss of 2.6 mln euro $ 3.3 mln in the same period of 2005 .,positive
"Operating profit totalled EUR 83.0 mn , up from EUR 23.5 mn year-on-year .",positive
"The RME from Telcontar enables the handset to calculate the best route and includes support for user-defined routes , feature navigability and multi-modal routing such as via foot and ferry .",neutral
"In the method the smelt spouts 2 are separated from the working area 6 by a shielding wall 8 , 10 arranged movable in relation to the smelt spouts .",neutral
In 2008 Stockmann earned 3.398 million lats in profit on 48.012 million lats in turnover .,neutral
The group reiterated its forecast that handset manufacturers will sell around 915 mln units this year globally .,neutral
He is a Chartered Accountant in British Columbia and Alberta as well as a Certified Public Accountant in Washington State .,neutral
"EQ Bank forecasts Olvi 's net sales at EUR 67mn in the second quarter of 2009 , and operating profit at EUR 6.4 mn .",neutral
The Group also has a strong global position in other fishing categories .,positive
"8,600 m , and at the time of investment it is fully leased to several tenants .",neutral
Cargotec 's business areas also include the container handling solutions business area Kalmar and the marine cargo handling and offshore load handling solutions business area MacGREGOR .,neutral
"Turnover surged to EUR61 .8 m from EUR47 .6 m due to increasing service demand , especially in the third quarter , and the overall growth of its business .",positive
"Eero Katajavuori , currently Group Vice President , Human Resources , will take a year-long sabbatical starting from October 1 , 2010 .",neutral
The exercise originated in Finland in the early 1930s as a training method for cross-country skiers .,neutral
"Tulikivi manufactures heat-retaining , soapstone and ceramic fireplaces , as well as natural stone products and utility ceramics .",neutral
The economic occupancy rate of Sponda 's property portfolio rose to 91.2 % from 88.8 % in 2006 .,positive
"Finnish financial software solutions developer BasWare Oyj said its net profit fell to 884,000 euro ( $ 1.2 mln ) for the first quarter of 2007 from 2.0 mln euro ( $ 2.7 mln ) a year earlier .",negative
"The company recorded revenues of E658 .1 million during the fiscal year ended December 2007 , an increase of 23 % over 2006 .",positive
R&D Loan ) .,neutral
The government has instead proposed an exchange of the state 's stake in LMT to TeliaSonera 's stake in Lattelecom .,neutral
"( ADP News ) - Dec 11 , 2008 - Finnish construction and engineering company Outotec Oyj ( OMX : OTE1V ) said today it won a EUR 28 million ( USD 36.8 m ) order to expand the phosphate concentrator in Siilinjarvi of Norwegian minera",positive
"Talentum expects that the net sales of its core business will increase in 2008 , compared to 2007 .",positive
ASSA ABLOY Kaupthing Bank gave a ` neutral ' recommendation and a share price target of 174 crowns $ 24.7 - 19 euro on Swedish lock maker Assa Abloy AB .,neutral
"In 2008 , the steel industry accounted for 64 percent of the cargo volumes transported , whereas the energy industry accounted for 28 percent and other industries for 8 percent .",neutral
` Nordic infrastructure construction is one of our strategic growth areas .,neutral
"The period 's sales dropped to EUR 30.6 million from EUR 38.3 million , according to the interim report , released today .",negative
"Currently it operates a fleet of eight carriers , as well as nine pushers and barges .",neutral
"Additionally , the company will use the solutions to automate the preparation of financial statements according to IFRS standard .",neutral
Finnish metal products company Componenta Oyj net profit rose to 26.1 mln euro ( $ 35.9 mln ) for the first quarter of 2007 from 5.3 mln euro ( $ 7.3 mln ) for the same period of 2006 .,positive
"The acquired plant has an annual capacity of some 300,000 tonnes and most of its production is sold to domestic customers .",neutral
Panostaja Oyj 's Board also decided at its organisational meeting held upon completion of the AGM to implement the AGM decision concerning Board member fees paid as shares in such a way that shares are transferred on a quarterly basis on the date following publication of the quarterly-annual report .,neutral
Otherwise the situation is under control .,neutral
"The portfolio comprises of 118,000 m2 of leasable space with a vacancy rate of roughly 5 % , let to around 140 tenants of which two of the largest are the Swedish government and Ericsson .",neutral
Stora Enso Oyj said its second-quarter result would fall by half compared with the same period in 2007 .,negative
Atria said its offer would give the Swedish company continued ownership and control of its slaughtering and cutting operations .,neutral
The parties have agreed not to disclose the transaction value .,neutral
"Name of Applicant : Jot Automation OYName of Inventor : Mammila Tuomo , Piirainen Mika and Kellokoski MikaApplication No. : 2424-KOLNP-2008 ADate of filing of Application : 16-06-2008Publication Date : 30/01/2009",neutral
The Oulu plant employs approximately 120 people .,neutral
"The payment date is March 25 , 2010 .",neutral
Rapala Fishing Frenzy 2009 .,neutral
Operating loss totaled EUR 0.3 mn compared to a profit of EUR 2.2 mn in the corresponding period in 2007 .,negative
"The company 's scheduled traffic , measured in revenue passenger kilometres RPK , grew by just over 2 % and nearly 3 % more passengers were carried on scheduled flights than in February 2009 .",positive
"The company 's plant in Russia will continue to make tyres for its near markets , while the plant in Nokia in Finland will manufacture tyres for other markets .",neutral
AffectoGenimap builds highly customised IT solutions for its customers in Finland and the Baltic countries .,neutral
"Finnish Sampo Bank , of Danish Danske Bank group , reports profit before taxes of EUR 152.3 mn in 2010 , up from EUR 32.7 mn in 2009 .",positive
"It comes complete with an LCD touch screen system for selection of your chosen function and prices start at around the pounds 4,805 mark .",neutral
"However , the offering will probably not be made at the current valuation , which partly derives from the deal in which the company was merged into a stock market shell .",neutral
About Dopplr Dopplr is a service for smart travellers .,neutral
"Raisio 's bid to buy Glisten is a `` win-win '' deal for both companies , the chairman of the UK snacks firm told just-food today 10 February .",positive
"In January-September 2007 , Finnlines ' net sales rose to EUR 505.4 mn from EUR 473.5 mn in the corresponding period in 2006 .",positive
"Cencorp would focus on the development , manufacture and marketing of standard products for production automation .",neutral
"Of these shares 14,747,084 are held by the Company and the number of outstanding shares and voting rights attached to the shares amounts thus to 161,256,847 .",neutral
Revenue grew 12 percent to (  x20ac ) 3.6 billion ( US$ 4.5 billion ) .,positive
"Poyry 's contract includes engineering management , civil and detail engineering services , and time scheduling and procurement services .",neutral
"The company can not give up palm oil altogether , however .",neutral
Finnish retail software developer Aldata Solution Oyj reported a net loss of 11.7 mln euro $ 17.2 mln for 2007 versus a net profit of 2.5 mln euro $ 3.7 mln for 2006 .,negative
"Finnish pulp and paper machinery maker Vaahto Group Oyj swung to a 1.1 mln euro $ 1.4 mln net profit in the fiscal 2005-06 , ended August 31 , 2006 , from a 249,000 euro $ 319,000 net loss in the fiscal 2004-05 .",positive
"In the sinter plant , limestone and coke breeze are mixed with the iron ore concentrate and sintered into lump form or sinter for use in the blast furnaces as a raw material for iron-making .",neutral
IonPhasE 's second major owner is venture capital firm Aura Capital .,neutral
Talvivaara Mining Company Plc Talvivaara Mining Company is an internationally significant base metals producer with its primary focus on nickel and zinc using a technology known as bioheapleaching to extract metals out of ore .,neutral
"In the reporting period , net sales rose by 8 % year-on-year to EUR64 .3 m , due to the business acquisitions realized during the first half of 2008-09 , the effect of which was EUR10 .9 m in the review period .",positive
"Under the agreement , Larox will transfer 10 employees within engineering and documentation related to delivery projects and product maintenance in Finland to Etteplan as of January 1 , 2007 .",neutral
The financial details of the acquisition were not disclosed .,neutral
Customers in a wide range of industries use our stainless steel and services worldwide .,neutral
Operating profit rose to EUR 27.8 mn from EUR 17.5 mn in 2008 .,positive
The bank 's leasing arm Nordea Liising ended the year with a profit of 4.4 million euros .,neutral
"Sales are expected to increase in the end of the year 2006 , however .",positive
The identity of the buyer is not yet known .,neutral
"These products include Personal Communications products such as mobile phones and their parts , Home Communications products such as set-top boxes and electronics for flat panel TVs as well as Communications Networks products such as base-stations , tower-top amplifiers , and microwave systems .",neutral
Sales of mid-strength beer decreased by 40 % .,negative
"The company expects its net sales for the whole of 2007 to be EUR 950mn-1 ,000 mn .",neutral
Rihko started to manage Raisio 's Benecol business in summer 2006 after heading tobacco company Altadis ' European operations .,neutral
"At the beginning of the subscription period on May 2 , 2006 the share subscription price under B option right is EUR 10.22 per share .",neutral
Pharmaceutical market in Belgium Global Research & Data Services published recently a market analysis about the pharmaceutical markets in Belgium .,neutral
Construction volumes meanwhile grow at a rate of 10-15 percent annually .,positive
"In the first quarter of 2008 , Sacanfil 's net sales totalled EUR 50.0 mn and its operating profit EUR 4.7 mn .",neutral
"cents The profile contains business operations , the company history , major products and services , prospects , key competitors , structure and key employees , locations and subsidiaries .",neutral
"In the fourth quarter of 2006 , OKO Banks expects the operating environment for Banking and Investment Services to remain similar to that in January-September 2006 .",neutral
28 October 2010 - Finnish wood products technology supplier Raute Oyj HEL : RUTAV said today it swung to a net profit of EUR3m for the first nine months of 2010 versus a net loss of EUR5 .2 m for the same period a year earlier .,positive
Pretax loss totaled EUR 117mn compared to a loss of EUR 65mn in the corresponding period .,negative
"Theodosopoulos said Tellabs could be of value to Nokia Siemens or Nortel given its `` leading supply status '' with Verizon , along with high-growth products .",positive
"The Helsinki-based company , which also owns the Salomon , Atomic and Suunto brands , said net profit rose 15 percent in the three months through Dec. 31 to (  x20ac ) 47 million ( $ 61US million ) , from (  x20ac ) 40.8 million a year earlier .",positive
"At end-August , Sampo was Nordea 's biggest shareholder with a 20.6 % stake , followed by the state with 19.9 % .",neutral
Raisio is the site of the main production plants as well as company headquarters .,neutral
"In the first quarter of 2010 , the mark-to-market result was a pretax profit of EUR 133 million versus a loss of EUR 32 million in the same period last year .",positive
"Purchase it for the 12MP snapper , if nothing else .",neutral
The front surfaces of these valve plates are directed towards each other .,neutral
"The order also covers design services , hardware , software licences , as well as maintenance services over six years .",neutral
Eriikka S+Âderstr+Âm has previously held several positions in finance and control at Nokia Networks including acting as the Business Group Controller and having the corporate controller position at Nokia Siemens Networks .,neutral
"Operating profit was EUR 24.5 mn , up from EUR 23.0 mn .",positive
`` Serving customers locally is one of the cornerstones of customer focus for us .,neutral
The Line 4 will run fully underground and will comprise 10 stations which will be executed in two implementation stages .,neutral
Capital base and capital adequacy measurement is based on approaches under Basel II .,neutral
"Our customers come from the following countries : UK , USA , Spain , France , Italy , Germany , China , Hong Kong , Sweden , Norway , Netherlands , Austria , Belgium , Switzerland , Czech Republic , Finland , Canada , Russia , Ukraine , Denmark , Ireland , South Korea and Liechtenstein .",neutral
"ADPnews - Feb 5 , 2010 - Finnish real estate investor Sponda Oyj HEL : SDA1V said today that it slipped to a net loss of EUR 81.5 million USD 11.8 m in 2009 from a profit of EUR 29.3 million in 2008 .",negative
No financial information was provided .,neutral
The project also implies an underground parking lot for 56 vehicles .,neutral
"These include software development for internet and mobile telephone content , communications , value-added software , financial services , security applications , systems integration and electronics .",neutral
This corresponds to 6.81 percent of Okmetic 's share capital and voting rights .,neutral
"The Division also includes joint sales , marketing and controlling functions for these units .",neutral
Currency conversions are based on exchange rates at the time of the deal .,neutral
Uponor maintains its full-year guidance for 2010 .,neutral
"The interim report for the first quarter is published on May 8 , 2009 .",neutral
"Both operating profit and net sales for the 12-month period increased , respectively from EUR4 .7 m and EUR26 .7 m , as compared to 2004 .",positive
The turbines are expected to be launched by the end of 2012 .,neutral
"Alma Media holds 70 % of this company , the remaining shares being owned by the company 's key employees .",neutral
Incap Contract Manufacturing Services Private Limited has inked agreements with six new customers in India .,positive
Exel wants to serve its industrial customers with individual products .,neutral
"( ADP News ) - Feb 11 , 2009 - Finnish management software solutions provider Ixonos Oyj ( HEL : XNS1V ) said today its net profit rose to EUR 3.5 million ( USD 4.5 m ) for 2008 from EUR 3.1 million for 2007 .",positive
"`` After a long , unprofitable period the Food Division posted a profitable result , which speaks of a healthier cost structure and a new approach in business operations , '' Rihko said .",positive
"no compensation for its news , opinions or distributions .",neutral
Nordea Group 's operating profit increased in 2010 by 18 percent year-on-year to 3.64 billion euros and total revenue by 3 percent to 9.33 billion euros .,positive
The arrangements do not apply to the group 's units outside Finland .,neutral
"In a release on Oct. 28 , Peab said the two businesses will continue to be conducted under the brands Cliffton and Stockholm Entreprenad , both part of the Peab Group .",neutral
`` Printed fabrics and related design expertise have always been the core of Marimekko 's business and brand .,neutral
"Thanks to the multiplying effect of wagon performance , transport will be much more efficient , '' says development manager Juha Malkia from VR Cargo .",positive
Salonen added that data shows producers ' pulp inventories in North America are declining . ',negative
Metso 's delivery will include a complete coated board line with related air systems and two winders .,neutral
Shares will be acquired in accordance with section 5 of the rules of NASDAQ OMX Helsinki and other rules applicable to the acquisition of own shares .,neutral
"Earnings per share ( EPS ) amounted to EUR1 .37 , down from EUR2 .30 .",negative
"It is being developed by Symbian , the software licensing consortium led by Nokia .",neutral
"The Baltimore Police and Fire Pension , which has about $ 1.5 billion , lost about $ 3.5 million in Madoff Ponzi scheme .",negative
"Operating profit margin was 8.3 % , compared to 11.8 % a year earlier .",negative
Last year SysOpen Digia invested in IBM product know-how in the building of portal and trading place systems and successfully implemented customer solutions supported by it .,positive
"CapMan 's first real estate fund , which had a total investment capacity of ( EURO ) 500 million and closed in June 2005 , invested in commercial properties in the Helsinki metropolitan area .",neutral
"In September alone , the market declined by 10.2 percent year-on-year to 19.28 million liters .",negative
TELE2 Affarsvarlden gave a `` buy '' recommendation on mobile operator Tele2 AB and a share price target of 142 crowns ( $ 23.54 - 15.19 euro ) .,positive
"U.S.-based T Corp. is in talks with Scandinavian telecoms company TeliaSonera to sell its stake in Uzbek cellular operator Coscom , an executive at Coscom told Interfax .",neutral
Fancy Dans on the move FAB Glasgow gift and interiors store Fancy Dans is moving !,neutral
The divested stake represented about 2.7 m shares in Okmetic 's capital .,neutral
Operating loss totaled EUR 25mn compared to a profit of EUR 63mn in the corresponding period in 2005 .,negative
"Luna took fifth place on six-under 207 , a shot behind Spain 's Beatriz Recari and Germany 's Martina Eberl , while Welsh player Becky Brewerton was the highest-placed British finisher , sharing seventh place on three-under 210 after shooting 71 .",neutral
"As part of the reorganization , Kauko-Telko Ltd will be divided into Telko Ltd , Leipurin Ltd , Hamina Terminal Services Ltd and Kaukomarkkinat Ltd. .",neutral
"The Finnish government announced Wednesday that it sold a 32 percent stake in chemicals and fertilizer group Kemira Oyj for (  x20ac ) 655.6 million ( $ 890US million ) , sending the company 's share price up 6 percent .",positive
"F-Secure , a developer of security solutions as a service through Internet Service Providers and mobile operators , announced results from its annual Online Wellbeing Survey .",neutral
Finnair believes the strike will cause it daily net losses in excess of EUR 2mn due to canceled reservations and passenger re-routing .,negative
"In Middle East & North Africa , Tecnotree has grown considerably in the recent years .",positive
The agreement must be approved by the Russian competition authorities before it enters into force .,neutral
"On 25 August 2009 , Sampo 's stake in Nordea was 19.45 % .",neutral
"The company 's net profit rose 11.4 % on the year to 82.2 million euros in 2005 on sales of 686.5 million euros , 13.8 % up on the year , the company said earlier .",positive
"The platform is based built on Intel s second-generation MID platform , called Moorestown .",neutral
"BasWare Invoice Processing , BasWare Contract Matching , BasWare Order Matching and BasWare KPI Reporting Tool are part of the BasWare 's Enterprise Purchase to Pay product suite .",neutral
Earnings per share ( EPS ) dropped to EUR 0.21 from EUR 0.31 .,negative
"According to latest information , Benefon will launch its Twig device on 20 September 2006 .",neutral
Okmetic Board of Directors has also decided on a new share ownership program directed to the company 's top management .,neutral
"In January-November 2009 , the group 's sales totalled EUR 7,801.7 mn , which was a drop of 12.6 % from the same period of 2008 .",negative
"In a separate announcement to the Helsinki stock exchange , Atria revealed that the company 's third quarter profits declined from EUR13 .9 m in the third quarter of last year to EUR12 .7 m in this year 's Q3 .",negative
Circulation revenue has increased by 5 % in Finland and 4 % in Sweden in 2008 .,positive
He confirmed his view on July 6 .,neutral
"Finland 's national carrier Finnair PLC carried a record 8.5 million passengers in 2005 , an increase of 4.5 percent on the previous year , the airline reported Tuesday .",positive
"The negotiations concern personnel of Cencorp Corporation and Singulase Oy as whole in Finland and in Sweden , the company said .",neutral
"SCOPI Chief Business Excellence Officer , Eng .",neutral
"Elcoteq Dongguan was established in 1999 in the Nancheng District of Dongguan , China and is one of Elcoteq s four volume manufacturing plants in the Asia-Pacific region .",neutral
"Finnish electronics contract manufacturer Scanfil reports net sales of EUR 241.2 mn in 2006 , down from EUR 321.6 mn in 2005 .",negative
"Biohit Oyj develops , manufactures and markets liquid handling products and diagnostic test systems for use in research , healthcare and industrial laboratories .",neutral
The total project duration is three years and it is valued at some EUR11 .5 m.,neutral
One of the headboxes will be equipped with a modern consistency control system to ensure cross machine profile of the plasterboard .,neutral
Operating profit rose to EUR 4.7 mn from EUR 4.6 mn .,positive
"The firm 's UK head office is in Rugby Road , Lutterworth .",neutral
"Both operating profit and net sales for the six-month period increased , respectively , from EUR13 .8 m and EUR143 .6 m , as compared to the corresponding period in 2007 .",positive
Castecka said the town hall would hold talks with other investors interested in the zone .,neutral
The transaction included also the transfer of the lease agreement concerning manufacturing premises and employment agreements related to these operations .,neutral
"The transaction is subject to a final agreement between the parties , approvals of their decision-making bodies and approval by the Finnish Competition Authority .",neutral
The ECB can mainly target inflation .,neutral
Closing of such transaction took place today .,neutral
"Our key geographical markets are Europe , Russian Federation , Middle-East , South-Africa and Japan .",neutral
Finnish Vacon has signed significant deals with Norwegian Scandinavian Electric Systems ( SES ) on the supply of AC drives .,positive
Revenue in the quarter fell 8 percent to ( EURO ) 2.4 billion compared to a year earlier .,negative
"The floor area of the Yliopistonrinne project will be 7,900 sq m 85,030 sq ft and the building 's gross area will total 12,800 sq m. A total 25.1 % of the facilities have been let .",neutral
"The approximately 20,000 dwt vessel has been ordered from India .",neutral
KONE is listed on the Nordic Exchange in Helsinki .,neutral
Financial terms were n't disclosed .,neutral
Operating profit increased by 145.1 % to EUR 8.3 mn from EUR 3.4 mn .,positive
Teleste has some 30 offices worldwide and is listed on the Nordic Exchange in Helsinki .,neutral
Operating profit rose to 22.1 mln eur from 19.9 mln .,positive
The fair value of the company 's investment properties went down to EUR2 .769 bn at the end of September 2009 from EUR2 .878 bn a year earlier .,negative
"Copper , lead and nickel also dropped ... HBOS ( HBOS ) plummeted 20 % to 70.3 pence after saying this year+ó ??",negative
Finnish Raute Precision that supplies weighing and dosing systems and plants is changing its name to Lahti Precision .,neutral
"Agricultural newspaper Maaseudun Tulevaisuus had 318,000 readers , representing a decrease of 6 % .",negative
M. and a Master of Business Administration MBA .,neutral
The company reported net sales of 302 mln euro $ 441.6 mln and an operating margin of 16 pct in 2006 .,neutral
"`` The enterprise value of the Fray Bentos pulp mill and Forestal Oriental totals approximately euro1 .6 billion , '' UPM said .",neutral
21 October 2010 - Finnish fishing tackle company Rapala VMC Corp ( HEL : RAP1V ) said today its net profit rose to EUR18 .9 m for the first nine months of 2010 from EUR15 .1 m for the same period a year earlier .,positive
The original patent was filed in Finland under application No. .,neutral
"Finnish Metso Paper has been awarded a contract for the rebuild of Sabah Forest Industries ' ( SFI ) pulp mill in Sabah , Malaysia .",positive
"Both operating profit and net sales for the 12-month period increased , respectively from EUR21 .5 m and EUR196 .1 m , as compared to 2005 .",positive
"EBIT excluding non-recurring items , totalled EUR 67.8 mn , up from EUR 38.1 mn .",positive
The corrected chapter is in its entirety below .,neutral
According to an  posted by the World Intellectual Property Organization : `` The present invention relates to hydrocarbons and particularly to the manufacture of hydrocarbon components suitable as aviation fuels or jet fuels and as blending stocks for aviation fuels .,neutral
( The acquisition sum has not been disclosed . ),neutral
The sellers were EOSS Innovationsmanagement and a group of private individuals .,neutral
This organization will assume the responsibility for operations in Russia .,neutral
"Elisa said mobile subscriptions grew 7 percent during 2007 , mainly because of customers adopting so-called third generation mobile technology .",positive
"Net income from life insurance doubled to EUR 6.8 mn from EUR 3.2 mn , and net income from non-life insurance rose to EUR 5.2 mn from EUR 1.5 mn in the corresponding period in 2009 .",positive
The expansion is to be finalized in the autumn of 2009 .,neutral
"Niina Nenonen , Marimekko 's current director for clothing , bags and accessories lines , will take up this role .",neutral
Less than ten people will face pension agreements .,neutral
"Trading code : ELI1V Number of shares : 99,483 Price-share : Gratuitous After the transfer , Elisa holds a total of 10,435,023 own shares .",neutral
There have not been previous share subscriptions with 2004 stock options .,neutral
Total value of the contract is about EUR 10mn .,neutral
The company had net sales of EUR 19.8 mn and a pre-tax profit of EUR 1.8 mn in 2005 .,neutral
"The contract also includes installation work in a new multistorey carpark for close on 1,000 vehicles .",neutral
"When the product is manufactured in Finland , it is also packed in the country .",neutral
UPM stock fell 3 percent to EURO 12.49 $ 17.24 in early afternoon trading in Helsinki .,negative
"The divested company is part of TietoEnator 's business area Government , Manufacturing & Retail .",neutral
"The mill will have capacity to produce 500,000 tonnes of pulp per year .",neutral
Finnish forest machinery manufacturer Ponsse 's net sales grew to EUR 51.3 mn in the first quarter of 2010 from EUR 37.5 mn in the corresponding period in 2009 .,positive
"`` The implementation of these programs has had , and will have , negative impacts on 2006 and 2007 earnings , '' Mr Meiklejohn said .",negative
"About 36 % of this came from Aspo Chemicals , 39 % from Aspo Shipping and 25 % from Aspo Systems .",neutral
The contract will take effect in 2009 for a five or ten year period .,neutral
"From 2003 on , the emphasis of Kyro 's strategy has been on Glaston 's growth .",neutral
"HELSINKI ( AFX ) - Shares closed higher , led by Nokia after it announced plans to team up with Sanyo to manufacture 3G handsets , and by Nokian Tyres after its fourth-quarter earnings report beat analysts ' expectations , dealers said .",positive
"`` BasWare 's product sales grew strongly in the financial period , by 24 percent .",positive
Stora Enso will receive a 19.9 pct equity interest in the combined company .,neutral
"After the restructuring , UPM 's average paper machine capacity in Europe will be 320,000 tons ( 350,000 short tons ) in coated magazine paper and 420,000 tons ( 460,000 short tons ) in coated fine paper .",neutral
The stock rose for a third day on Tuesday bringing its three-day rise to GBX10 .50 or 1.8 % .,positive
"The Network Test Business is part of Elektrobit 's Test and Automation Business Segment and employs 39 people in Finland and 22 people abroad , mainly in the US and Asia .",neutral
Diluted earnings per share ( EPS ) stood at EUR 0.25 versus EUR 0.42 .,negative
"Quartal Oy now owns 2,094,063 shares in Satama Interactive Plc , which represents 5,19 per cent of the share capital and voting rights .",neutral
"The company 's profit totaled Ls 578,100 in H1 2007 , down 30.9 % year-on-year .",negative
Her present position is the director of Stockmann 's international department stores .,neutral
The site will cover over six hectares .,neutral
"LONDON AFX - UK and European brokers ' recommendations issued today , as collated by AFX News from a range of market sources .",neutral
"Operating profits in the half were  0.8 m , down from  0.9 m as Glisten invested in the brand and the management team .",negative
National sponsors for The Big Read include National Endowment for the Arts in cooperation with the Institute of Museum and Library Services and Arts Midwest .,neutral
The bank sees a potential for Getinge share to rise .,positive
"Changes in the market situation and tougher price competition have substantially reduced demand for bread packaging manufactured at the Kauhava plant , according to the company .",negative
"It is necessary to strengthen the company 's operations , however .",neutral
"Due to rapid expansion , the market share of Tallink in terms of passenger carriage through Tallinna Sadam Port of Tallinn totaled 55 percent in November against 45.7 percent in November 2005 .",positive
They both will report to Oriola-KD 's chief executive officer Eero Hautaniemi .,neutral
"BasWare is headquartered in Espoo , Finland .",neutral
Ponsse projects the forest machine markets to improve more than expected in 2010 from the previous year .,positive
The credit covers approximately 70 % of the ship 's price .,neutral
"The total size of the complex is around 25,000 m2 and the project will be constructed in stages .",neutral
"As part of the agreement , Aspocomp will also give Meadville a 10 pct slice of a subsidiary operating in Oulu , Finland .",neutral
The company has 120 employees and annual sales of approximately EUR16m .,neutral
The new location is n't the only change Wellmont has in store for its air transport service .,neutral
"The money will be spread mainly over 2011 and 2012 , the company said .",neutral
The agreement is valid for four years .,neutral
"Finnish electronics contract manufacturer Scanfil had net sales of EUR 52.2 mn in the first quarter of 2007 , down from EUR 60.1 mn a year before .",negative
Uponor improved its performance in spite of the decrease in residential construction in the US .,positive
The terms and conditions of Stock Option Scheme 2004 are available on the Group 's website .,neutral
"With the new arrangement , customer responsibilities will become mainly regional .",neutral
- Cash flow from operating activities before investments was EUR 0.8 -1.2 million .,neutral
SRV lowered its net sales estimate for the whole of 2008 due to uncertainties in housing sales .,negative
"In 2009 , Comptel slipped to a net loss of EUR2 .1 m from a profit of EUR6 .6 m in the previous year .",negative
The net sales decreased to EUR 49.8 million from EUR 59.9 million .,negative
"In addition , the contract includes modification of the effluent treatment plant at Follum .",neutral
"The selling consortium includes funds managed by OKO Bank 's venture capital unit , Bio Fund Management and Finnish Industry Investment , a government-owned investment group .",neutral
"HELSINKI Thomson Financial - Shares in Cargotec fell sharply in early afternoon trade after the cargo handling group posted a surprise drop in April-June profits , which overshadowed the large number of new orders received during the three months .",negative
"Department store sales improved by 14 % to EUR 1,070.6 mn .",positive
The markets expect Heineken to sell Hartwall as a whole or in parts .,neutral
Ixonos will finance the acquisition through a 3.8 mln euro $ 5.2 mln loan .,neutral
"( ADP News ) - Feb 6 , 2009 - Finnish fishing tackle company Rapala VMC Corp ( HEL : RAP1V ) said today its net profit rose to EUR 19.2 million ( USD 24.6 m ) for 2008 from EUR 17.5 million for 2007 .",positive
"Finnish electronics contract manufacturer Scanfil reports net sales of EUR 58.9 mn in the second quarter of 2007 , down from EUR 62.4 mn a year earlier .",negative
"Mformation and Nokia noted they have established interoperability agreements that cover commercially proven , standards-based management of mobile devices , as well as mobile device security and mobile application management .",positive
"YIT lodged counter claims against Neste Oil totaling some EUR25m , primarily based on work carried out under the contract and additional costs incurred due to prolongation of the project .",negative
Talentum 's net sales in September were smaller than expected .,negative
"Its customers include local companies Slo Oy , Kiilto Oy , Toptronics Oy , Normark Suomi Oy , Pellonpaja Oy and Mansner Oy .",neutral
"Igor and Oleg Yankov , who currently manage Moron and Vitim , will hold onto the 25 % stake for now .",neutral
"In December alone , the members of the Lithuanian Brewers ' Association sold a total of 20.3 million liters of beer , an increase of 1.9 percent from the sales of 19.92 million liters in December 2004 .",positive
Net profit was 35.5 mln compared with 29.8 mln .,positive
"Mr. Mikko Saavalainen , head of Comptel 's Global Sales concludes : `` Gibtelecom provides a perfect illustration of the variety of business , technical and regulatory challenges operators are facing in their OSS today .",neutral
"`` The number of collection errors fell considerably , and operations speeded up .",positive
"Full-year net sales are expected to increase by approximately 10 % , the company said .",positive
Operating profit improved by 27 % to EUR 579.8 mn from EUR 457.2 mn in 2006 .,positive
"Operating loss of the Pulp & Paper Machinery unit was over EUR 3mn in September 2007 - August 2008 , compared to a profit of EUR 3.7 mn a year earlier .",negative
Operating profit rose to EUR 103.4 mn from EUR 23.2 in the corresponding period in 2006 .,positive
"This location makes the mall a convenient place to shop for consumers from three large residential areas nearby : Jaroszowka , Wysockiego and Zgody .",positive
The sales of the Tiimari segment fell by 4.0 % year-on-year to EUR3 .3 m in June 2010 .,negative
Changes to the as-built models from the design were communicated to the subcontractors to accommodate them into the steel and GRC glass reinforced concrete fabrication process .,neutral
More than 80 special events in the three counties during four months were hosted by the library system and its nine branch libraries .,neutral
Operating profit decreased to EUR 11.2 mn from EUR 16.6 mn .,negative
The beers differ slightly from mainstream beers .,neutral
The Oxyview Pulse Oximeter is a common device to check patient blood-oxygen saturation level and pulse rate .,neutral
"Operating profit for the three-month period increased from EUR1 .2 m , while revenue increased from EUR20 .2 m , as compared to the corresponding period in 2005 .",positive
"In 2007 , the Group 's net sales stood at EUR 42 million and it had about 1,445 employees .",neutral
Related links : Flexiblebaseloadoperation TheWartsila32generating set Gasconversions This is the shorter of two versions of this press release .,neutral
"The objective is that trading in the shares will commence on May 2 , 2007 .",neutral
"Poyry is a global consulting and engineering firm focusing on the energy , forest industry and infrastructure & environment sectors .",neutral
"Raute posted a net profit of 1.8 mln euro $ 2.6 mln for the third quarter of 2007 , compared to a net loss of 299,000 euro $ 430,000 for the corresponding period of 2006 .",positive
Earnings per share ( EPS ) in 2005 decreased to EUR1 .87 from EUR1 .89 in 2003 .,negative
"The five-storey , eco-efficient building will have a gross floor area of about 15,000 sq m. It will also include apartments .",neutral
"However , the brokers ' ratings on the stock differ .",neutral
"Indigo and Somoncom serve 377,000 subscribers and had a market share of approximately 27 % as of May 2007 .",neutral
Exports grew 16.5 percent to 19.1 million liters .,positive
"The sale , which will result in a gain of some EUR 60 million in the second quarter of 2010 for Oriola-KD , supports the Finnish company 's strategy to focus on pharmaceutical wholesale and retail operations .",positive
"In the fourth quarter of 2008 , net sales decreased to EUR 121.4 mn from EUR 165.5 mn in the fourth quarter of 2007 .",negative
The enterprise value of Maritim Food AS has been determined as approximately EUR15m .,neutral
"Lassila & Tikanoja 's operating profit excluding non-recurring and imputed items for the second quarter was EUR11 .3 m , down from EUR13 .8 m a year ago .",negative
The combined value of the orders is almost EUR 3mn .,neutral
Insurance policies should be simple .,neutral
"A. Le Coq Special was developed for the bicentenary of the company and the trade mark , the brewer said .",neutral
"The order includes a log handling line , peeling line and drying line for the production of parquet base layer veneer for Plyfa 's Hassela mill , central Sweden .",neutral
Amanda Capital has investments in 22 private equity funds and in over 200 unquoted companies mainly in Europe .,neutral
HK Ruokatalo 's target is to know the consumers .,neutral
"Following the registration , the number of issued and outstanding shares of Basware is 12,890,829 .",neutral
"`` This vessel order will help Aspo secure the long-term competitiveness of its fleet , both in terms of technology and pricing .",positive
"The Company operates through four principal divisions : Consumer Packaging ; Office Papers ; Speciality Papers , as well as Market Pulp and Energy .",neutral
After 1 April 2007 Cencorp will not have any own employees in the territory .,neutral
`` I am extremely delighted with this project and the continuation of cooperation with Viking Line .,positive
"In a recent interview with the Financial Times ( FT ) , Sampo 's board chairman Bjorn Wahlroos said If P&C was certainly for sale and the price had been set at SEK 85 billion , confirming earlier statements .",neutral
"Consolidated operating profit excluding one-off items was EUR 30.6 mn , up from EUR 29.6 mn a year earlier .",positive
"However , net sales in 2010 are seen to have grown to EUR598 .3 m from EUR582 .3 m in 2009 .",positive
"( ADP News ) - Feb 11 , 2009 - Finnish wood products technology supplier Raute Oyj ( HEL : RUTAV ) said today its net profit decreased to EUR 4.7 million ( USD 6.1 m ) for 2008 from EUR 6.6 million for 2007 .",negative
"Ruukki 's delivery volumes and selling prices showed favourable development and the company 's comparable net sales grew by 50 % year-on-year to EUR647m , CEO Sakari Tamminen said .",positive
"However , the orders received during the period under review fell by 17 % quarter-on-quarter from the EUR 213 million recorded in the second quarter of 2010 .",negative
Finnish KCI Konecranes has raised its net sales growth estimate for 2006 from over 25 % to over 35 % .,positive
"Mr. McDonald started the evening with his own set , featuring hits from his solo career and his Doobie Brothers years and a selection of R&B cover songs that met with mixed results .",neutral
"According to CEO Matti Perkonoja of the parent company HKScan , the company 's performance in the first quarter of 2010 has remained clearly below the level of the corresponding period in 2009 .",negative
The company 's board of directors would propose a dividend of EUR1 .00 per share for 2005 .,neutral
"Net sales rose by 25.5 % year-on-year to EUR59 .6 m , as the number of chargers delivered went up by 41 % to 65.9 million pieces .",positive
A 2001 agreement expired earlier this month .,neutral
Finnish communication electronics components supplier Scanfil Oyj Tuesday said sales in the first half of 2006 will be 15 % lower than during the same period a year ago .,negative
"In addition , the Kazakh delegation will visit Finland 's SITRA investment fund , Honkarakenne Ltd and Nokia headquarters to study TeliaSonera Ltd JSC 's activities .",neutral
"For example , net sales increased by 5.9 % from the first quarter , and EBITDA increased from a negative EUR 0.2 mn in the first quarter of 2009 .",positive
Finnish meat company Atria can no longer promise a sufficient amount of domestic beef to its customers .,negative
"The sale will be finalized in September or October , the company said .",neutral
"France T+®l+®com spent more time studying TeliaSonera than other potential takeover targets because it has a shareholder that wants to sell , Pellissier said .",neutral
The fixed acquisition price amounts to NOK 70 ( approximately EUR 8.7 ) million and additional price NOK 15 ( EUR 1.8 ) million at maximum .,neutral
Number of offers received for this contract is two .,neutral
Subscription sales decreased slightly .,negative
Passenger-related revenue rose by 5.1 % to EUR 460.8 mn from EUR 438.5 mn in 2009 .,positive
"Payment for acquired shares will be made in cash , and the price per share will be EUR 1 plus an administration fee .",neutral
The trade is in accordance with the agreement announced on 26 March 2008 .,neutral
Tekla Group 's net sales for 2006 were approximately 50 million euros and operating result 13.6 million euros .,neutral
"Suominen Corporation estimates that the cost-cutting program that started in autumn 2005 , higher sales prices , and expected growth in volume of Wet Wipes , will make the company 's operations more profitable .",positive
"Coca-Cola was the market leader of manufacturers with a market share of 36.9 % , down 2.2 % from the corresponding period in 2004-2005 .",negative
"According to Finnish FIM Bank , Alpro 's price would be around EUR 100mn-150mn .",neutral
"As such , the space has blond wood floors ( unlike the rest of the store ) and a notably Scandinavian vibe .",neutral
Currently the quarterly applied surcharges differ significantly from the actual market prices .,neutral
Timo Penttila has been appointed new manager responsible for the asset management of Nordea 's institutional customers in Finland .,neutral
The company 's model is based on developer contracting construction projects and customer focused project management .,neutral
"LKAB , headquartered in Lulea , Sweden , is a high-tech mining company producing upgraded iron ore products for the steel industry .",neutral
"Sales in Finland decreased by 2.0 % , and international sales decreased by 9.3 % in terms of euros , and by 15.1 % in terms of local currencies .",negative
"Finnish Talentum reports its operating profit increased to EUR 20.5 mn in 2005 from EUR 9.3 mn in 2004 , and net sales totaled EUR 103.3 mn , up from EUR 96.4 mn .",positive
"Finland 's Technopolis is planning to bring the first section of a technopark on stream in St. Petersburg at the end of 2008 , Kari Mikkonen , vice president of Technopolis , told reporters in Helsinki .",neutral
The loss for the third quarter of 2007 was EUR 0.3 mn smaller than the loss of the second quarter of 2007 .,positive
The price will be specified at the completion date .,neutral
The total value of the deliveries is some EUR65m .,neutral
"The machine will have an annual production capacity of 200,000 tonnes of super-calendered magazine paper and other paper grades based on recovered fiber , Stora Enso said .",neutral
"Shares in Royal and Sun Alliance continued to slide back from a 12-month high of 172p last month , after a potential suitor ruled itself out of a takeover bid .",negative
"Fortum expects its annual capital expenditure in the next four to five years to be within a range of EUR 0.8-1 .2 billion , as earlier announced .",neutral
Operating profit margin increased from 11.2 % to 11.7 % .,positive
The value of the contract is EUR 25mn .,neutral
"Jeder Beta-Tester erh+ñlt kostenlos sechs Monate lang Updates und hat laut eigener Aussage die M+Âglichkeit , die finale Version zu beeinflussen .",neutral
"In the third quarter of 2007 , net sales totaled EUR 25.95 mn , and operating profit EUR 3.88 mn .",neutral
"Operating profit was EUR 0.6 mn , up from a loss of EUR 19mn a year earlier .",positive
"Nokia Siemens Networks provides mobile and fixed network infrastructure , communications and networks service platforms , as well as professional services , to operators and service providers .",neutral
"( ADP News ) - Jan 22 , 2009 - Finnish mobile phones maker Nokia Oyj ( OMX : NOK1V ) said today its operating profit decreased to EUR 5 billion ( USD 6.5 bn ) for 2008 from EUR 8 billion for 2007 .",negative
Operating profit rose to EUR 13.5 mn from EUR 9.7 mn in the corresponding period in 2006 .,positive
The net sales of the Power Plants business were EUR 710.3 million in 2005 .,neutral
`` Our aim is to understand different traffic patterns based on the use of each building .,neutral
Orion 's net profit for the third quarter of 2007 decreased to 36.5 mln euro ( $ 52.1 mln ) from 40.3 mln euro ( $ 57.5 mln ) a year earlier .,negative
"Estonia 's Agriculture Minister Helir-Valdor Seeder is in Finland on a two-day visit , in the course of which he will meet with his Finnish counterpart Sirkka-Liisa Anttila .",neutral
"As a result , the company currently anticipates net sales to increase and the operating result to be positive .",positive
"Finnish silicon wafer technology company Okmetic Oyj ( OMX Helsinki : OKM1V ) reported on Thursday ( 7 August ) an operating profit of EUR5 .3 m for the period January-June 2008 , up from EUR3 .3 m in the corresponding period in 2007 .",positive
Diluted earnings per share ( EPS ) rose to EUR 0.29 from EUR 0.05 .,positive
The company turned to earnings per share ( EPS ) of EUR 0.03 versus loss per share of EUR 0.01 .,positive
"Cargotec 's sales totalled EUR 3.4 billion in 2008 and it employs approximately 11,000 people .",neutral
"Finnish high technology provider Vaahto Group reports net sales of EUR 41.8 mn in the accounting period September 2007 - February 2008 , an increase of 11.2 % from a year earlier .",positive
"( ADP News ) - Sep 30 , 2008 - Finnish security and privacy software solutions developer Stonesoft Oyj said today that it won a USD 1.9 million ( EUR 1.3 m ) order to deliver its StoneGate network security products to an unnamed Russian te",positive
Mr. Doring has been with Eaton since 1989 and acted as the Business Unit Manager for Eaton 's Power Controls Business Unit since January 2007 .,neutral
"Our customers include companies in the energy and process industry sectors , in particular .",neutral
Filmiteollisuus Fine Ab will be transferred to Talentum Oyj in the form of a subsidiary .,neutral
"Finland-based Elcoteq SE , a privately held provider of electronics manufacturing services to communications companies , said Thursday it signed a long-term manufacturing supply deal with communications equipment company Andrew Corp. .",positive
This will bring cost savings of about EUR 3mn a year .,positive
"LEED is an internationally recognized green building certification system , developed by the U.S. Green Building Council .",neutral
It will report full-year results on August 22 .,neutral
Export declined by 6 percent to 16.4 million liters .,negative
"F-Secure Internet Security 2010 is a security service for surfing the web , online banking and shopping , e-mail , and other online activities .",neutral
"The deal includes all rental equipment and related merchandise , the rental contract of the depot and two employees , the company said .",neutral
The business section also includes Ahlstrom 's sustainability report .,neutral
BasWare Order Matching automatically matches purchase invoices with approved purchase orders .,neutral
Finlan 's listed food industry company HKScan Group controlled companies in the Baltics improved revenues by EUR 3.5 mn to EUR 160.4 mn in 2010 from EUR 156.9 mn in the year before .,positive
"Digia will also set up two subsidiaries , Digia Norway AS and Digia USA Inc. .",neutral
The webcast may be followed online on the company website at www.ruukki.com/investors .,neutral
"Operating loss totalled EUR 12.7 mn , compared to a profit of EUR 17.7 mn in the first half of 2008 .",negative
"In Finland , the Bank of +àland reports its operating profit fell to EUR 6.1 mn in the second quarter of 2008 from EUR 7.5 mn in the second quarter of 2007 .",negative
The aim is an annual improvement in Ruukki Construction 's operating profit of more than EUR 3 million USD 4.1 m starting in 2009 .,positive
Registration is required .,neutral
"The Whitehall Street Real Estate Funds invest in real estate and real estate related assets , principally through the acquisition of real estate companies , real property and mortgage loans .",neutral
"In the second quarter of 2010 , the group 's net profit rose to EUR3 .1 m from EUR2 .5 m in April-June 2009 .",positive
Finnish silicon wafer technology company Okmetic Oyj OMX Helsinki : OKM1V said on Wednesday 17 September that it will invest EUR6m in its sensor wafer business during 2009 .,neutral
Symphony Services provides development services for Aldata GOLD .,neutral
Net sales increased to EUR193 .3 m from EUR179 .9 m and pretax profit rose by 34.2 % to EUR43 .1 m. ( EUR1 = USD1 .4 ),positive
Our standardised services have met with a positive reception among our customers as well as at Itella .,positive
Viking Line manages well with its current ferries .,positive
"`` Lining stone sales were also good in the early autumn , and order books are strong to the end of the year .",positive
"Commission income decreased to EUR 3.8 mn , compared to EUR 4.6 mn in the third quarter of 2007 .",negative
"Proline Plus is available in both adjustable single and multichannel models and fixed volume single-channel models , in volume ranges from 0.1 micro litres to 10 ml .",neutral
"Ramirent 's net sales in the second quarterended June 30 were EURO 128.7 million about U.S. $ 163 million , a 3.3-percent increase compared with EURO 124.6 million for thesecond quarter last year .",positive
"PCS Digital Guatemala has been using Tecnomen 's prepaid system in Telgua fixed networks as well as code division multiple access , or CDMA , and global system for mobile communication , or GSM , since 2003 .",neutral
Operating profit improved by 39.9 % to EUR 18.0 mn from EUR12 .8 mn .,positive
"Fortum needs a clear signal of commitment from the Government that the permit is available before the company will start the next round , Kuula says .",neutral
It therefore seems that Finnish shipping company Viking Line will get the subsidy it needs to order its new LNG-fuelled vessel .,positive
Operating profit improved to EUR 20.3 mn from EUR 11.4 mn .,positive
"You need to be ready when the window opens up , Rosberg said .",neutral
Operating profit rose to EUR 4.7 mn from EUR 3.6 mn .,positive
"Cargotec Corporation , Press Release , August 26 , 2008 at 10 a.m. Finnish time Cargotec 's MacGREGOR business area providing marine cargo handling and offshore load handling solutions has received significant offshore crane retrofit order .",positive
"The casing comprises a first side casing member provided with the first side vat segment and a second side casing member provided with the second side vat segment , at least the first side casing member being pivotable about a rotation axis .",neutral
`` Our customer has been satisfied with Basware Invoice Automation solution and extends the implementation to new geographies .,positive
Okmetic has used the furnaces for the contract manufacturing of solar crystals .,neutral
"ADPnews - Dec 23 , 2009 - Norwegian financial services group SpareBank 1 Gruppen AS OSL : SBGRP said its board of directors appointed today Jarle Haug managing director of its claims collection subsidiary SpareBank 1 Gruppen Finans",neutral
"The shares shall be repurchased through public trading , for which reason the shares are repurchased otherwise than in proportion to the holdings of the shareholders .",neutral
The total capital of funds managed by the bank decreased by 28 % to EUR 284mn by the end of September 2008 .,negative
Efore 's results for the last quarter showed an even faster improvement as the company managed to better source its components .,positive
"Los Angeles-based Pacific Office Properties Trust acquires , owns , and operates office properties in the western U.S. , focusing initially on the markets of Honolulu , San Diego , Los Angeles , and Phoenix .",neutral
"HK Ruokatalo produces many turkey products , such as cold cuts .",neutral
"`` We have come out with a decision which is based on our preliminary economic , operational and environmental findings , '' Karvinen said .",neutral
This corrensponds to 4.628 percent of Okmetic 's share capital and voting rights .,neutral
"Glaston 's share GLA1V is listed on the NASDAQ OMX Helsinki , Mid Cap List .",neutral
It posted a turnover of 4.5 mln euro $ 6.1 mln and an operating profit of 1.5 mln euro $ 2.0 mln for 2006 .,neutral
No planned closing date was provided .,neutral
Juha Haapakoski will continue as Editor-in-Chief with budget responsibility also with the new publisher .,neutral
Catalysts segment includes refinery catalysts and polyolefin catalysts product categories .,neutral
"Operating profit fell to EUR 35.4 mn from EUR 68.8 mn in 2007 , including vessel sales gain of EUR 12.3 mn .",negative
"The parties have agreed not to disclose the price of the deal , the group said in a press release .",neutral
"The fair value of the property portfolio doubled as a result of the Kapiteeli acquisition and totalled EUR 2,686.2 1,259.7 million .",positive
Market data and analytics are derived from primary and secondary research .,neutral
For the new shares subscribed with stock options all shareholder rights commence from the date on which they are entered into the Trade Register .,neutral
"Earnings per share for the quarter were also higher year-on-year at 0.33 eur versus 0.27 , and above market expectations of 0.28 eur .",positive
"According to Honka Japan 's Managing Director Marko Saarelainen , Honkarakenne exports about 200 ready made log houses to Japan a year .",neutral
"Excluding non-recurring items , pre-tax profit surged 45 % to EUR80m .",positive
"Shareholder 's full name and ID code : - Petri Ailus , born 15.9.1966 For further information , please contact Isto Hantila , CEO , tel. +358 9 591 8342 .",neutral
"Cohen & Steers , Inc. : 5 534 530 shares representing 4.985 % of the share capital and voting rights .",neutral
"The final price will be specified by 14 May 2010 , the acquiring company said .",neutral
"The Group owns and operates a fleet of more than 800dwt , while container capacity is 17,000 TEUs , and manages a diversified fleet of its own railway rolling stock of over 17,000 units .",neutral
"The figure includes the change in the fair value of the property portfolio , EUR 26.2 million .",neutral
The serial bond is part of the plan to refinance the short-term credit facility .,neutral
Last year 's net sales rose to EUR 68.3 million from EUR 62.2 million .,positive
The shops are located in the capital region and the Paijat-Hame region .,neutral
No decision on such sale of the now issued or existing treasury shares to YA Global has been made yet .,neutral
"The company has a continuous need for alloys such as nickel , ferro-chrome , molybdenum and manganese in its production , said Talvivaara .",neutral
Kirsi Rantanen was previously development director for HK Ruokatalo 's poultry business .,neutral
Turnover rose to EUR21m from EUR17m .,positive
"In sales volume , Coca-Cola 's market share has decreased by 2.2 % to 24.2 % .",negative
"The major breweries increased their domestic beer sales by 4.5 per cent last year , to 256.88 million litres from 245.92 million litres in 2004 .",positive
"Previously , the company expected its 2008 financial performance to remain at the same level as in 2008 .",neutral
"Currently , 95 % of Trainers House 's revenues are attributed to the Finnish market .",neutral
"POYRY PLCCompany Announcement 10 December 2010 at 4.10 p.m. Pursuant to Poyry PLC 's stock option program 2004 , 63 792 new shares of the company have been subscribed since 27 October 2010 with stock options 2004B .",neutral
"In 2007 , Etteplan had turnover of EUR125 .2 m.",neutral
Finnish Bank of +àland reports its operating profit rose to EUR 21.3 mn in the second quarter of 2009 from EUR 6.1 mn in the corresponding period in 2008 .,positive
"Finnish printed circuit boards ( PCBs ) maker Aspocomp Group Oyj said on December 4 , 2006 it named Henry Gilchrist senior vice president of the group 's Asian operations , as of January 8 , 2007 .",neutral
"- The Group -¦ s cumulative sales during the review period were EUR 48.2 million EUR 53.1 million , 1-9/2007 and profit before taxes was EUR 1.2 1.4 million .",neutral
at 9:00 EET Alma Media 's Annual Report for 2009 is scheduled to be published in calendar week 9 .,neutral
"YIT CORPORATION SEPT. 24 , 2007 at 13:30 CORPORATE RELEASE STOCK EXCHANGE RELEASE YIT 'S CAPITAL MARKETS DAY IN LONDON , SEPT. 26 , 2007 On Wednesday , September 26 , 2007 , YIT will hold a Capital Markets Day for investors and analysts in London .",neutral
The products have a low salt and fat content .,neutral
"Finnish Suominen Corporation that specialises in wet wipes , nonwovens , and flexible packaging reports net sales of EUR 44.1 mn in the second quarter of 2010 , up from EUR 43.3 mn in the second quarter of 2009 .",positive
"Therefore , the company 's 2005 result will remain weaker than that of 2004 .",negative
"The total floor area of the plant expansion is 29,000 square metres .",neutral
"Fiskars Brands report net sales of EUR 145.8 mn , up from EUR 138.4 mn .",positive
Oriola-KD is a spin-off of Finnish pharmaceutical group Orion Oyj 's wholesale division .,neutral
"About 72 % of Evraz Group shares are owned by Lanebrook , whose beneficiaries , on the one hand , are Millhouse , the holding company for the assets of billionaire Roman Abramovich and his business partners 50 % ; and Evraz executives Alexander Abramov and Alexander Frolov 50 % , on the other .",neutral
Electronic versions require 24-48 hours as each copy is customized to the client with digital controls and custom watermarks .,neutral
"The inaugural speech will be given by Hannu Kyrolainen , Finland 's Ambassador to the Czech Republic .",neutral
"Fiskars , a 360-year-old global business best known for its orange-handled scissors , expects to derive synergies of EUR5 million a year by consolidating certain parts of the housewares division where the two compete .",positive
"Among the Scandinavian companies present in St. Petersburg , is also named the Swedish concern NCC , which implements projects in the field of asphalt production , road and housing construction ( project Swedish Krona ) .",neutral
"Finnish Bank of +àland reports operating profit of EUR 2.2 mn in the first quarter of 2010 , down from EUR 6.3 mn in the corresponding period in 2009 .",negative
Officials did not disclose the contract value .,neutral
"Cramo Plc is a service company specialising in construction machinery and equipment rental and rental-related services , as well as rental and sale of modular space .",neutral
"`` The biggest challenge was to make the piece look raw , '' Hansen said .",neutral
"Jarmo Honkamaa , head of the oil refining business at Neste Oil , says the situation looks promising from their viewpoint .",positive
Operating profit rose to EUR 3.11 mn from EUR 1.22 mn in the corresponding period in 2009 .,positive
"However , the company saw its net profit for the third quarter down to EUR 1.4 million from EUR 1.5 million for the corresponding period of 2009 .",negative
"4 February 2011 - Finnish broadband data communication systems provider Teleste Oyj HEL : TLT1V saw its net profit jump to EUR2 .1 m for the last quarter of 2010 from EUR995 ,000 for the same period of 2009 .",positive
What would you like to see changed on Nokia 's next attempt ?,neutral
"The company 's net profit amounted to EE 55.5 mn , which was 36 % more than in 2004 .",positive
"In the Czech Republic , the profiling unit at Ostrava will be closed and the machinery will be relocated to Ruukki 's bigger plants in Hungary , Poland and Romania by the end of the first quarter of 2009 .",neutral
"One price category is for calls on the preferred operator 's network , and another for calls on other operators ' networks .",neutral
Elcoteq expects its net sales for the last quarter of 2010 to be on the level of the third quarter .,neutral
"The order values at EUR 6.9 mn , and it consists of design services and hardware and software licences .",neutral
Consolidated operating profit from continuing operations decreased by 62.3 % to EUR 51.2 mn from EUR 135.7 mn in 2007 .,negative
"EQT has completed its exit from Salcomp , a Finnish company that makes mobile phone chargers , by selling its remaining stake to Swedish investment group Nordstjernan for about ( EURO ) 35 million ( $ 47 million ) .",neutral
Revenues at the same time grew 14 percent to 43 million euros .,positive
SKF 6 April 2010 - Alandsbanken has given a `` buy '' recommendation on Swedish industrial company SKF AB ( STO : SKF B ) with a share price target of SEK150 .,positive
"Currently , the company uses eight similar reach stackers and four empty container handlers by Konecranes .",neutral
"Componenta has production lines for similar-sized products at Karkkila in Finland , at Weert in the Netherlands and at Orhangazi in Turkey , and these had a combined output of approximately 100,000 tonnes and net sales of EUR 135 million in 2007 .",neutral
"Tiimari 's registered share capital is 16,474,755 shares as per today .",neutral
"YIT 's Baltic sales in the first three quarters of 2008 totaled 106.2 million euros , representing a drop of 29 percent year on year .",negative
"OUTOTEC OYJ PRESS RELEASE , FEBRUARY 19 , 2008 AT 11.00 AM Outotec has won two large minerals processing technology orders from Mirabela Mineracao do Brasil Ltda , Brazil and from Cumerio Med JSCo , Bulgaria .",positive
"At the moment , there are approximately 20 Vianor sales offices in Russia .",neutral
Its 168 asset management experts manage assets worth over EUR 35 billion .,neutral
Saunalahti is a part of the Elisa group .,neutral
"HELSINKI ( AFX ) - Retail and wholesale group Kesko reported net sales of 659.4 mln eur for February , an increase of 10.8 pct year-on-year .",positive
The full-function PC weighs 1.25 kilograms and measures slightly more than two centimeters thin .,neutral
The firm builds components for mobile phones and other communications products .,neutral
"With the U.S. Federal Government putting a stake in the ground , vendors - and their customers - are focused on meeting the deadline .",neutral
Finnish handling systems company Cargotec Oyj ( HEL : CGCBV ) said today that it won a EUR 13 million ( USD 16.6 m ) contract to deliver MacGregor hatch covers for ships ordered by Norwegian shipowner Grieg Shipping .,positive
The order is included in Metso 's fourth quarter 2007 order backlog .,neutral
The actions are expected to deliver annual cost savings of some EUR15-20m .,positive
"`` Each year , personal entertainment plays a more significant role in determining whether a fitness facility 's workout experience is pleasurable or a chore , '' said Brian Wilson , director of marketing for Precor 's Entertainment & Services Division .",neutral
Satama 's net sales would be higher than the year before .,positive
The acquisition will considerably increase Kemira 's sales and market position in the Russian metal industry coatings market .,positive
The center will be built in the Kapuli district of Mantsala beside the Hanko-Mantsala-Porvoo road near the new direct rail link between Lahti and Jarvenpaa .,neutral
An EU law on the issue may be introduced around 2010 .,neutral
The expanded company will continue to be called NewPage .,neutral
"The company has the poser , who wants to impress people with the latest handset .",neutral
"Arto Ryymin , born 1964 , will replace Juhani Kaisanlahti who has worked as acting EVP , Healthcare & Welfare since August 2007 .",neutral
Capitex Kalmar will continue to be responsible for the maintenance and technical development of the services .,neutral
Consolidated pretax profit decreased by 69.2 % to EUR 41.0 mn from EUR 133.1 mn in 2007 .,negative
"Net sales of Kyro 's main business area , Glaston Technologies , a manufacturer of glass processing machines , decreased to EUR 161.5 mn from EUR 164.1 mn in January-September 2005 .",negative
The mill is concentrating on getting the supercalendered line running satisfactorily before restarting its older newsprint line .,neutral
"ADPnews - Jul 17 , 2009 - Finland-based steel maker Rautaruukki Oyj Ruukki HEL : RTRKS said today it slipped to a net loss of EUR 184 million USD 259.7 m for the first half of 2009 from a net profit of EUR 2",negative
"Profit for the period was EUR 5.9 mn , up from EUR 1.3 mn .",positive
"Headquartered in this city , the company is nearly 75 years old and focuses on science-based innovation and technology for environmental measurement .",neutral
"By 14:29 CET on Monday , shares in Bavarian Nordic had climbed 1.21 % to DKK250 on the stock exchange in Copenhagen after having lost 7.41 % in the past month .",positive
Upon completion of the sale Proha would get some USD12 .7 m for its stake in Artemis .,neutral
Financing of the project will come mainly from China .,neutral
"Net sales will , however , increase from 2005 .",positive
Finnish food industry company L+ñnnen Tehtaat is planning changes to its fish product business .,neutral
Operating profit fell to EUR 23.26 mn from EUR 32.86 mn .,negative
"After the sale , Savcor Group Ltd will comprise Savcor ART , a corporate function and an investment in Cencorp Corporation .",neutral
"Finnish GeoSentric 's net sales decreased to EUR 939,000 in January-March 2009 .",negative
Yvonne Jones is owner of Chameleon Interiors .,neutral
Runway Visual Range is a calculated assessment of the distance that a pilot can see down a runway .,neutral
"SRV will also build an aqua park with wellness area , a restaurant and a multifunctional ice arena .",neutral
"Citigroup , Inc ( NYSE : C ) has announced that its Global Transaction Services ( GTS ) business has been awarded a new mandate by Finland-based Pohjola Bank Group .",positive
"The OMX Helsinki index was down 0.34 pct at 8,256.02 on turnover of 813.191 mln eur .",negative
"Finnish metal products company Componenta Oyj ( HEL : CTH1V ) said today its net loss narrowed to EUR 500,000 ( USD 680,000 ) in the last quarter of 2010 from EUR 5.3 million for the same period a year earlier .",positive
"As much biomass will be used as can be sourced locally , with the rest of the plant 's fuel needs met by peat .",neutral
"Metsaliitto , however , narrowed its net loss for the second quarter of 2007 to 5.0 mln euro $ 6.9 mln from 61 mln euro $ 83.7 mln a year ago .",positive
"The new company , DiaPol S.r.l. , would manufacture tools meant for glass and stone pre-processing .",neutral
The medium-term operative targets of the company remain unchanged .,neutral
Terms of the acquisition were not disclosed .,neutral
"A coker crane will be supplied to Tesoro Corporation 's Golden Eagle Refinery in Martinez , California , while a similar crane will be delivered to BP 's Castell refinery in Spain .",neutral
Kemira 's partner in the project is St. Petersburg Water Works .,neutral
"The Hayward , Calif.-based target designs active , casual and dress footwear , as well as boots and sandals .",neutral
"The company , which has EUR2 .8 bn in assets , counts among its five largest shareholders Finnish insurers Ilmarinen 4.34 % and Varma 0.70 % , as well as the Finnish state pension fund VER 0.61 % .",neutral
"Return on investment was 5.0 % , compared to a negative 4.1 % in 2009 .",positive
"The executive said that countries such as Brazil , Chile , Argentina and Mexico will lead the adoption in the business Ethernet services segment , while Brazil and Mexico will be the early adopters of carrier Ethernet for mobile backhaul .",neutral
"According to CapMan Plc 's Corporate Governance , the majority of the committees ' members shall be independent of the Company .",neutral
"Prior to the transaction , whose financial terms have not been disclosed , Alma Media owned 40 % of Kotikokki net .",neutral
"Metsaliitto will sell 1.1 million B shares of Neomarkka , accounting for about 18.3 pct of Neomarkka 's equity and about 12.7 pct of the voting rights .",neutral
"The dividend is payable on February 1 , 2010 to shareholders of record on January 19 , 2010 .",neutral
Kauko-Telko 's centralized administration will be dissolved and appropriate parts of it will be transferred to operating activities and Group administration by the end of the year .,neutral
The order was valued at USD12 .2 m.,neutral
The company reports a loss for the period of EUR 0.4 mn compared to a loss of EUR 1.9 mn in the corresponding period in 2005 .,positive
Finnish Bank of +àland will launch its long-term pension savings account at the beginning of June 2010 .,neutral
"Result before taxes decreased to nearly EUR 14.5 mn , compared to nearly EUR 20mn in the previous accounting period .",negative
"In July-September 2009 , Konecranes ' sales decreased to EUR 368.7 mn from EUR 520.4 mn in July-September 2008 .",negative
Work on the assignment has already started and is due for completion in spring 2011 .,neutral
"Both operating profit and turnover for the nine-month period increased , respectively from EUR2 .4 m and EUR43 .8 m , as compared to the corresponding period a year ago .",positive
The share subscription period for stock options 2007A is between 1 April 2010 and 31 March 2012 .,neutral
Rapala aims to move the distribution unit Ragot from Loudeac in Bretagne and the distribution unit Waterqueen and the fishing line supplier Tortue from Saint Marcel in Central France to Morvillars .,neutral
Okmetic revised its 2010 financial outlook based on its order book .,neutral
The business to be divested generates consolidated net sales of EUR 60 million annually and currently has some 640 employees .,neutral
"In total , more than 3000 surveillance cameras will be handled and managed according to a variety of needs , the company said .",neutral
The machinery now ordered will be placed in a new mill with an annual production capacity of 40 000 m3 of overlaid birch plywood .,neutral
"Previously , EB delivered a custom solution for LG Electronics and now is making it commercially available for other mobile terminal vendors as well as to wireless operators .",positive
"Both operating profit and turnover for the six-month period increased , respectively , from EUR17 .6 m and EUR1149 .9 m , as compared to the corresponding period in 2007 .",positive
Operating profit rose to EUR 3.2 mn from EUR 1.0 mn in the corresponding period in 2008 .,positive
"Finnish flexible packaging manufacturer Suominen Corporation reports net sales of EUR 54.5 mn in the first quarter of 2008 , compared with EUR 54.3 mn a year earlier .",positive
The volume of investments in the two phases of the project is estimated at USD 300mn ( EUR 215.03 mn ) .,neutral
The value of the contracts is about EUR 3.3 mn .,neutral
"For Q2 2010 , consolidated earnings before tax totaled EUR4 .5 m , compared to EUR3 .9 m , and net profit was EUR3 .2 m , compared to EUR2 .9 m in the previous year .",positive
"Maggie Ramsey 's wait - and those of thousands of Oregon and Washington guides , anglers and others who flock to his frequent seminars - is nearly over .",neutral
"International sales rose by 59.8 % to EUR 1,244.4 mn .",positive
The employee negotiations are to address measures needed to adjust the operations to the present production situation .,neutral
"Supported Nokia phones include : N96 , N95-8GB , N95 , N93-N931 , N92 , N85 , N82 , N81 , N80 , N79 , N78 , N77 , N76 , N75 , N73 , N72 , N71 , E90 , E71 , E70 , E66 , E65 , E62 , E61-E61i , E60 , E51 , E50 , Touch Xpress 5800 , 6220 Classic , 6210 Navigator , 6120 Classic , 6110 Navigator , 5700 , 5500 , 5320XM .",neutral
"New Chairman of the Board of Directors , Mr Chaim Katzman , will give a presentation and answer questions .",neutral
18:30 Dinner The conference program can also be viewed as a live audio webcast through the internet pages at www.citycon.com .,neutral
The company has some 410 employees and an annual turnover of EUR65 .4 m. Vaahto Group is listed on the Nordic Exchange in Helsinki .,neutral
"Profit for the period totalled EUR 0.8 mn , down from EUR 1.1 mn in the corresponding period in 2008 .",negative
"CapMan , an asset manager , has EUR 3bn worth of assets under management in the Nordic region .",neutral
"The address location is provided to a local controller , preferably by wireless transmission , which then uses the address location to access the appliance control module .",neutral
With this appointment Kaupthing Bank aims to further co-ordinate Capital Markets activities within the Group and to improve the overall service to clients .,positive
"M-real , which is part of Finnish paper maker Metsaliitto Group , is due to release its second-quarter report at around 12:00 EET on 5 August 2010 .",neutral
The report will be emailed within 2 business days of an order .,neutral
"Seventy-three of those also have more extensive training in products built on the latest ArchestrA technologies , such as the Wonderware System Platform .",neutral
"Digia said its consolidated net sales for January-June 2010 were EUR67 .8 m , up 9.7 % on the same period in 2009 ( EUR61 .9 m ) .",positive
Vacon 's cash flow from operations grew to EUR 37.1 mn from EUR 21.9 mn a year ago .,positive
"Look out for vintage fabric cushion covers , '70s coffee pots , ceramic serving dishes , cocktail glasses , and stainless steel party dishes .",neutral
"Both operating profit and net sales for the three-month period increased , respectively from EUR16 .0 m and EUR139m , as compared to the corresponding quarter in 2006 .",positive
"In today s business , you have to pre-empt what consumers want , said Mohammed Zainalabedin , General Manager , Zain Bahrain .",neutral
Operating profit totaled EUR 17.7 mn compared to EUR 17.6 mn in the corresponding period in 2007 .,positive
"Votorantim Celulose e Papel ( VCP ) is part of the Votorantim Group , a major Brazilian conglomerate .",neutral
Cash flow from business operations totalled EUR 0.4 mn compared to a negative EUR 15.5 mn in the first half of 2008 .,positive
Deliveries by Outotec will take place over 30 months .,neutral
"`` Adjustment to the fall in price level , in contrast , has been less effective .",negative
"India 's trade with Russia currently stands at four billion dollars , growing 9.6 per cent in fiscal 2007 .",positive
"In January-September 2009 , the Group 's net interest income increased to EUR 112.4 mn from EUR 74.3 mn in January-September 2008 .",positive
"Finnish Suominen Corporation that makes wipes , nonwovens , and flexible packaging , has a plant near Warsaw , in Poland , that makes flexible packaging .",neutral
"These new units will be built at Cargotec 's state of the art manufacturing facility in San Antonio , Texas , USA , which started operations in 2009 .",neutral
"The redesigned crushing circuit has been in operation since the start of September and its overall production rate on a weekly basis is in excess of an average of 40,000 tonnes a day .",neutral
"Commission income increased by 22 % to EUR 4.4 mn , and lending volume rose by 13.5 % .",positive
"The segments through which the company operates are Frozen Food business , Seafoods , Vegetable Oil business , Grain Trading and Other business operations .",neutral
Net sales have been eaten by the weak US dollar .,negative
"Pretax loss totalled EUR 49.9 mn , compared to a loss of EUR 15.4 mn in the corresponding period in 2008 .",negative
"The Polish business employs about 1,000 people , and it had net sales of about EUR 70mn in 2007 .",neutral
"Finnish Kemira 's net sales EUR decreased to EUR 1,259.6 mn in January-June 2009 from EUR 1,425.1 mn in January-June 2008 .",negative
Swedbank 's shares have been hardest hit of the Swedish banks by the ongoing international financial crisis .,negative
The order includes 48 ship cranes that will be delivered for 12 container feeders to be built at Wenchong shipyard in China .,neutral
Ruukki 's order book at the end of 2010 was 30 % up year-on-year and 10 % up quarter-on-quarter .,positive
Sales by Seppala diminished by 6 per cent .,negative
"Patrick Jeambar will also continue being responsible for Innovation and Health , safety and environment HSEA functions of Ahlstrom Corporation .",neutral
"Operating profit excluding non-recurring items amounted to EUR 40.6 mn , down from EUR 57.3 mn year-on-year .",negative
The soapstone deposits in the Medvezhyegorsk area are expected to increase Tulikivi 's current reserves considerably .,positive
Operating profit for continuing operations fell to EUR 48.3 mn from EUR 72.4 mn in the first half of 2007 .,negative
"( ADPnews ) - May 4 , 2010 - Finnish cutlery and hand tools maker Fiskars Oyj Abp ( HEL : FISAS ) said today its net profit declined to EUR 12.9 million ( USD 17m ) in the first quarter of 2010 from EUR 17 million in the correspond",negative
"Last week , the Finnish metals and technology group announced plans to sell more than 80 percent of its technology unit to further the company 's strategic goal of becoming the world 's largest stainless steel maker .",positive
"According to Gallup Food and Farm Facts , beef consumption totaled 99mn kilos in Finland in 2007 .",neutral
"The company has decided to stop the operations of Ruukki Construction Division in Latvia and Lithuania , and concentrate the production and logistics in Parnu , Estonia in 2009 .",neutral
"Our customers come from the following countries : UK , USA , Spain , France , Italy , Germany , China , Sweden , Norway , Netherlands , Austria , Belgium , Switzerland , Czech Republic , Serbia , Finland , Canada , Russia , Ukraine , Portugal , Denmark , Ireland , South Korea , Estonia and Liechtenstein .",neutral
In July it and Quadriga Capital sold their Lewa GmbH pump-making business to Japan 's Nikkiso Co. .,neutral
"The floor area of the Yliopistonrinne project will be 7,900 sq m and the building 's gross area will total 12,800 sq m. A total 25.1 % of the facilities have been let .",neutral
Biohit already services many current Genesis customers and the customer base is expected to expand as a result of this agreement .,positive
Return on investment was 16.6 % compared to 15.8 % in 2004 .,positive
"Metsa-Botnia will finance the payment of dividends , the repayment of capital and the repurchase of its own shares with the funds deriving from its divestment of the Uruguay operations , and shares in Pohjolan Voima , and by utilising its existing financing facilities .",neutral
"Salcomp 's charger manufacturing plant in India is located in the Nokia Telecom Park in the state of Tamil Nadu , in the eastern part of India .",neutral
The company anticipates its turnover for the whole 2010 to surpass that of the previous year when it was EUR 67.1 million .,positive
"Combining the two producers will create a strong EU-based fertilizer industry capable of meeting global competition , they added .",positive
"The orders are for 26 machine-room-less KONE MonoSpace elevators , which would be installed during 2006 .",neutral
"Last year the company raised its turnover to approximately 7 million litas EUR 2 mln , from 6.1 million litas in 2004 .",positive
"Last July , the group said it intended to relocate warehouse and office space in Loudeac and Saint Marcel to Morvillars , in the east of France , where it already operates a hook manufacturing and distribution unit .",neutral
The Board of Directors was authorized to decide on other terms of the share issue .,neutral
"Marathon now has a 4.6 percent stake in PLX , it said , according to Bloomberg .",neutral
"Glaston 's own glass processing unit , Tamglass Glass Processing , is a manufacturer of high quality safety glass products operating in Finland .",neutral
It has80 branches in Finland with annual revenue in Finland of ?,neutral
"Operating profit totalled EUR 9.6 mn , down from EUR 42.0 mn the year before .",negative
The combined capital of these funds is expected to be EUR 100mn-150mn .,neutral
"The e-commerce site and flagship will be managed by Marimekko North America Retail LLC , a subsidiary established in the U.S. last year .",neutral
"Under the rental agreement , Stockmann was committed to invest in the building of a bridge over the Gogol Street or build an underground tunnel for crossing the street by 2004 .",neutral
"Profit for the period totaled EUR 39.4 mn , up from EUR 33.9 mn in the corresponding period in 2006 .",positive
Changes to the as-built models from the design were communicated to the subcontractors to accommodate them into the steel and GRC fabrication process .,neutral
"These include software development for internet and mobile telephone content , communications , value-added software , financial services , security applications , systems integration and electronics , '' EBRD informed .",neutral
"Finnish steel maker Rautaruukki Oyj ( Ruukki ) said on July 7 , 2008 that it won a 9.0 mln euro ( $ 14.1 mln ) contract to supply and install steel superstructures for Partihallsforbindelsen bridge project in Gothenburg , western Sweden .",positive
"Finnish consulting and engineering group Poyry Plc ( OMX Helsinki : POY ) said on Wednesday ( 1 October ) that it has been awarded a contract by Tanqia Dibba FZC as owner-engineer for the wastewater system of Dibba , Emirate of Fujairah , UAE .",positive
"The Stena Poseidon is a so-called Panamax tanker , designed to be able to pass through the narrow passages in the Panama Canal 's locks .",neutral
"They can be used to control the speed of electric motors used by industry and municipal engineering , and in power generation using renewable energy .",neutral
Aker Yards Finland will begin using Chinese subcontractors at its Finnish shipyards .,neutral
"Operating profit of operations in Finland in the period under review totaled EUR 11.3 mn , remaining at the 2005 level .",neutral
Operating income rose to EUR 696.4 mn from EUR 600.3 mn in 2009 .,positive
The percentages of shares and voting rights have been calculated in proportion to the total number of shares registered with the Trade Register and the total number of voting rights related to them .,neutral
"The Board established a Remuneration Committee with following members : - Sari Baldauf Chairman - Tapio Hintikka - Heikki Westerlund In addition , the Board decided to appoint a Nomination Committee at a later stage .",neutral
Shares of Nokia Corp. rose Thursday after the cell phone maker said its third-quarter earnings almost doubled and its share of the global handset market increased .,positive
"Finnish Sampo-Rosenlew manufactures approximately seven forest machines monthly , and about half of machines are exported .",neutral
"Order intake grew by 40 % year-on-year and 30 % year-on-year , respectively , to EUR 576 million and EUR 1.7 billion for the respective January-September and July-September 2010 periods .",positive
"The business transfer will take effect from 1 January 2007 , and in connection with this 47 employees will transfer from Elisa to Daxtum as continuing employees .",neutral
Operating loss amounted to EUR 0.9 mn in the first half of 2006 compared to a profit of EUR 0.5 mn in the first half of 2005 .,negative
We offer our customers solutions based on renewable raw materials .,neutral
"Due to the rapid decrease in net sales , personnel reductions have been carried out on a wider scale than initially expected .",negative
"Insurer Axa ( PAR : CS ) slid by 5.35 % to EUR 14.15 , after Citigroup and ING slashed their targets on the stock .",negative
Each year the dividend is deducted from the subscription price .,neutral
"Destia Oy is a Finnish infrastructure and construction service company building , maintaining and designing traffic routes , industrial and traffic environments , but also complete living environments .",neutral
"Previously , the plant was expected to be completed by the end of 2008 .",neutral
The company website is www.ahlstrom.com .,neutral
The intent of the article was to focus attention on the fact that the development model that China had followed was very different than the model that India had followed .,neutral
Stock Exchange Release 10/3/2011 12:00 Sanoma has published its Annual Report and Financial Statements for 2010 and its first Corporate Responsibility Report .,neutral
Union and company officials did not return calls yesterday .,neutral
"At 1411 CET , ArcelorMittal had lost 7.26 % to EUR 17.38 on Euronext Paris , coming at the lead of the blue-chip fallers .",negative
The acquisition will have an immediate positive impact on Aspocomp 's financial result .,positive
"The contract includes software licences , application maintenance and training .",neutral
"The steelmaker said that the drop in profit was explained by the continuing economic uncertainty , mixed with the current drought in bank lending , resulting in a decline in demand for its products as customers find it increasingly difficult to fund operations .",negative
"The currency effect had a 3.0 pct , or 20 mln euro ( $ 31.3 mln ) , negative impact on the revenue .",negative
"In the Czech Republic , the smaller profiling unit at Ostrava will be closed and the machinery will be gradually relocated to Ruukki 's bigger plants in Hungary , Poland and Romania by the end of the first quarter of 2009 .",neutral
"China Unicom , NYSE : CHU , HKSE : 0762 , and SHSE : 600050 , the second largest mobile carrier in the country .",neutral
Mr. Kari Stadigh will carry on as Chairman of the Board and Mr. Matti Arteva as Vice-Chairman .,neutral
"Jensen , Njastein and Mike Critch , the head of Dovre North America business unit , will report to Toivola .",neutral
"In January , traffic , measured in revenue passenger kilometres RPK , went up by 3.2 % and capacity , measured in available seat kilometres ASK , rose by 12.2 % .",positive
SHARE REPURCHASE 11.01.2008 In the Helsinki Stock Exchange On behalf of Sampo plc Danske Bank A-S Helsinki Branch,neutral
"Alma Media Corporation PRESS RELEASE March 25 , 2010 TYRV+ä+äN SANOMAT PURCHASE CONFIRMED The business operations of Tyrv+ñ+ñn Sanomat Oy will be transferred to Suomen Paikallissanomat Oy .",neutral
It 's not .,neutral
"Currently Glaston employs approximately 1,500 persons .",neutral
The company continued the development of a fully human antibody in its VAP-1 antibody program .,neutral
"Previously , Grimaldi held a 46.43 pct stake in the Finnish company following the takeover bid launched in November 2006 .",neutral
"The market making in accordance with the agreement will begin on September 24 , 2009 .",neutral
Peigs www.peigs.se will become part of Sardus Latta Maltider Light Meals unit .,neutral
Ruukki forecast a 15-20 % annual sales growth and a positive pretax result for 2010 .,positive
"Following the registration , the share capital of Biotie is EUR 52,556,678.10 .",neutral
Operating profit rose from EUR 1.94 mn to EUR 2.45 mn .,positive
No service pricing details were disclosed .,neutral
"- The Group -¦ s sales during the period were EUR 31.6 million EUR 36.6 million , 1-6/2007 and profit before taxes was EUR 0.2 1.3 million .",neutral
"May 29 , 2010 ( CompaniesandMarkets.com delivered by Newstex ) -- This report provides key data and information on the meat , fish and poultry market in Finland .",neutral
"According to the company , in addition to normal seasonal fluctuation the market situation has weakened during autumn 2008 .",negative
"Both operating profit and net sales for the six-month period increased , respectively from EUR18 .1 m and EUR127 .6 m , as compared to the corresponding period in 2006 .",positive
"RFID ( Radio Frequency Identification ) is a method of so-called intelligent transport , whereby information can be read and saved remotely .",neutral
The company reiterates its outlook for 2009 .,neutral
Reported operating margin was a negative 5.9 % .,negative
"Operating profit of Kauppalehti group rose to EUR 1.5 mn from EUR 1.3 mn , and that of Marketplaces to EUR 1.3 mn from EUR 1.0 mn in the third quarter of 2006 .",positive
"Investors will continue being interested in the company 's share although it is not quite cheap , Affarsvarlden said .",positive
Production is scheduled to start by the end of April 2007 .,neutral
"CapMan said the deal 's effect on its cash flow for 2009 totals EUR3 .4 m , but the transaction would not affect its financial results for 2009 as it was executed at fair value .",neutral
Pharmaceutical market in Czech Republic Global Research & Data Services published recently a market analysis about the pharmaceutical markets in Czech Republic .,neutral
Kesko has previously published a stock exchange release concerning the deal on 7 February 2007 .,neutral
Elcoteq SE is Europe 's largest contract electronics maker and has set up a unit in Bangalore in association with Avista Advisory of Mumbai .,neutral
"According to Atria 's President and CEO Matti Tikkakoski , the company 's Swedish operations significantly improved in the first quarter .",positive
"` The stable outlook reflects Nokia 's strong market position in the global mobile handset market , strong cash flow generation , and very conservative balance sheet , ' said Raab .",positive
These moderate but significant changes resulted in a significant 24-32 % reduction in the estimated CVD risk .,positive
"The manufacture of CPPs will be undertaken at the existing Export Oriented Unit EOU at Wartsila 's factory at Khopoli , near Mumbai .",neutral
"Net interest income was EUR 152.2 mn , up from EUR 101.0 mn in 2008 .",positive
"The inventors are Mukkavilli Krishna Kiran , Sabharwal Ashutosh and Aazhang Behnaam .",neutral
Finnlines will announce in week 17 of 2006 what measures it will take to tackle the situation .,neutral
"The share capital of Biotie Therapies Corp. constitutes 90,211,860 shares in the aggregate and the number of voting rights attached to the shares amounts to 90,211,860 .",neutral
The value of the order is EUR 2.5 mn .,neutral
"In Sweden , operating profit for the period under review totaled EUR 3.4 mn , up 30.8 % from the corresponding period in 2005 .",positive
The first stage of the contract covers 133 stores and 600 cash registers .,neutral
"Based on the first quarter result , existing order backlog and new order prospects , the company expects that full-year sales will contract by 25 % from 2008 , the gross margin will stay at a healthy level , and the operating profit margin will be lower than in 2008 due to lower sales volume .",negative
"The remaining amount will be funded through debt , the Danish bank said .",neutral
"The order comprises all production lines for a plywood mill , company said in a statement received by Lesprom Network .",neutral
"Sullivan said some of the boards `` really involve a lot of work , and people should get paid for their time . ''",neutral
The value of the order is USD 2.3 mn .,neutral
"Kesko 's car import and retailing business , VV-Auto , saw sales grow by 17.1 pct .",positive
"As an alternative to the share exchange , Panostaja offers a full cash consideration at the value of 1.27 euro $ 1.7 per share .",neutral
"Clothing retail chain Sepp+ñl+ñ 's sales increased by 8 % to EUR 155.2 mn , and operating profit rose to EUR 31.1 mn from EUR 17.1 mn in 2004 .",positive
"An  of the invention , released by the Patent Office , said : `` The chambers are pressurized .",neutral
"Of the company 's net sales , 38 % was acquired in Finland , 21 % in other European countries , 40 % in Asia , and 1 % in the US .",neutral
"In addition , the company is considering the start of production in Russia .",neutral
The company expects meat purchases to remain at about 8mn kilos in 2011 .,neutral
The maximum number of new shares to be offered is 22 million .,neutral
"Kesko has about 2,000 stores engaged in chain operations in the Nordic and Baltic countries , Russia , and Belarus .",neutral
Nokia and Capcom announced that Resident Evil Degeneration will be released on N-Gage later this year .,neutral
"However , the company saw its net profit for the third quarter down to EUR1 .4 m from EUR1 .5 m for the corresponding period of 2009 .",negative
"The closing of the transaction is scheduled to take place on January 10 , 2008 .",neutral
A huge issue for us is the button placement .,neutral
"According to the company , a decision in the issue will be made in the summer of 2010 , at the earliest , and in the summer of 2011 , at the latest .",neutral
"Sanoma Learning & Literature , offering print and digital learning materials , is present in eleven countries .",neutral
"The most significant capital expenditure items were in the global enterprise resource planning ERP project , product development and production machines .",neutral
"Outotec said it won new orders worth 492.9 mln eur during the quarter , compared with 240.4 mln eur a year earlier .",positive
"Neste Oil will publish its third quarter 2008 results on Friday , 24 October 2008 at approximately 9 am ( EET ) .",neutral
Nokia Messaging 1.1 enables customers to receive e-mails from up to 10 e-mail accounts on their mobile phone supporting all POP or IMAP e-mail services .,neutral
"UPM-Kymmene Corp. , the world 's largest maker of magazine paper , on Tuesday reported a 19-percent profit drop as lower paper prices , higher costs and a strong euro hurt revenue .",negative
"Net sales totaled EUR 93.6 mn , up from EUR 93.2 mn in the corresponding period in 2005 .",positive
"Operating profit was EUR 139.7 mn , up 23 % from EUR 113.8 mn .",positive
Nordstjernan has used its option to buy another 22.4 % stake of Salcomp 's shares and votes .,neutral
Odell has not contacted the State of Finland in this issue .,neutral
The contract is for next year .,neutral
The company operates power plants in the Tyumen and Chelyabinsk regions and in the Khanty-Mansi Autonomous District .,neutral
"`` Method and System for Controlling a Hard Disk Drive Using a Multimediacard Physical Interface '' was invented by Marko Ahvenainen Ruutana , Finland .",neutral
"Companies evaluated in the report include Aladdin , CA , F-Secure , Kaspersky , Marshal , McAfee , Microsoft , Panda , Proofpoint , Sophos , Symantec , Trend Micro , Tumbleweed , and Websense .",neutral
The company said that the results of the third quarter do not include non-recurring items .,neutral
"The company said that paper demand increased in all of its main markets , including of publication papers , and that it increased average paper prices by 4 percent compared with last year .",positive
"Altona stated that the private company of Altona chairman Kevin Maloney , Tulla Resources , would take up its entitlement in full .",neutral
Talvivaara is listed on the London Stock Exchange Main Market and NASDAQ OMX Helsinki and is included in the FTSE 250 Index .,neutral
"ADPnews - Aug 3 , 2009 - Finnish media group Ilkka-Yhtyma Oyj HEL : ILK2S said today its net profit fell 45 % on the year to EUR 5.9 million USD 8.4 m in the first half of 2009 .",negative
Risk exposure by Non-life Insurance  Moving 12-month  Expenses by function in Non-life Insurance excluding expenses for investment management and expenses for other services rendered Non-life Insurance investment portfolio by allocation,neutral
"The gross area of the Innova 2 project will be about 10,000 sq m ( 107,600 sq ft ) .",neutral
Rubin says he expects Capman to announce 1-2 additional transactions in 2009 .,neutral
The Financial Statements and Interim Reports will be released around at 9.00 a.m. ( Finnish time ) on the given dates .,neutral
"Comparable operating profit totaled EUR 4.7 mn , down from EUR 5.1 mn in the corresponding period in 2005 , representing 7.4 % of net sales .",negative
Repeats sees 2008 operating profit down y-y ( Reporting by Helsinki Newsroom ) Keywords : TECNOMEN-RESULTS,negative
"Koduextra is operating a retail chain of 11 stores , controlled by Finnish Non-Food Center KY , Rukax OY , and Scan-Tukka OY .",neutral
The company 's board of directors has proposed a dividend of EUR0 .12 per share for 2006 .,neutral
The new chain has 700 discount stores and 250 supermarkets .,neutral
"Both operating profit and net sales for the 12-month period increased , respectively from EUR20 .8 m and EUR177 .7 m , as compared to the financial year 2004 .",positive
"Operating result for the 12-month period decreased from the profit of EUR0 .4 m while turnover decreased from EUR5 .6 m , as compared to 2004 .",negative
The value of this kind of order amounts usually between Euro 2 and 3 million .,neutral
"Cash flow from operations totalled EUR 2.71 mn , compared to a negative EUR 0.83 mn in the corresponding period in 2008 .",positive
"The Point Village , designed by Scott Tallon Walker , will include a shopping center , office premises , a hotel and a cinema .",neutral
"Panostaja , headquartered in Tampere , Finland , is an investment company focusing on small and medium-sized Finnish companies operating in the traditional industries .",neutral
Nokia was up 0.12 pct to 16.70 eur after kicking off the morning in negative territory .,positive
"The equipment Ixonos acquires with this deal includes mechanical engineering hardware ; an RF and antenna measurement laboratory ; facilities for the measurement of audio , cameras and displays ; as well as devices and robot units for the testing of mobile devices .",neutral
The order is related to renewing the network of the telecommunications operator .,neutral
"Cost cutting measures , which have produced around EUR70m of savings over the past nine months , have dampened the airline 's loss , Finnair said .",positive
What we think ?,neutral
"According to PKC , the acquisition would bring a significant addition to PKC 's customer base .",positive
Financial details were n't disclosed .,neutral
This wood lacquered clock comes with a stripy hand-crocheted cover .,neutral
"The Web-Marela application handles invitations to quote , quote comparisons , agreements , purchases , invoice inspections , inventory management , and deliveries .",neutral
"According to Finnish petrol station chain St1 's managing director Kim Wiio , the company was forced to make purchases with rising prices in the first half of 2008 , and now consumer prices are going down almost daily due to competition .",negative
"However , the net sales declined to EUR 803.6 million from EUR 1.2 billion .",negative
The value of the total investment is about EUR 600mn .,neutral
"The Internal Revenue Service sees about 20 percent of all taxpayers wait until the last two weeks to file , with about 40 million returns filed in April .",neutral
"Country : , Finland Sector : Construction-Real Estate Target : Pohjolan Design-Talo Oy Buyer : CapMan Oyj Vendor : Ruukki Group Oyj Deal size in USD : 102.6 m Type : Divestment Status : Agreed",neutral
"Liquid handling products include electronic and mechanical pipettes , disposable tips as well as pipette maintenance and calibration services for research institutions , healthcare and industrial laboratories .",neutral
"The financial impact is estimated to be some 1.5 MEUR annual improvement in the division 's result , starting from fiscal year 2007 .",positive
( A spokesperson told WWD to expect a 50-50 mix of clothing and home decor . ),neutral
"The reason for this is St. Petersburg status as a capital , one of the participants in the meeting quoted Chikunov as saying .",neutral
The first of the two project phases is expected to be completed by the end of 2012 .,neutral
Finnish Bank of +àland 's consolidated net operating profit increased from EUR 4.8 mn in the first quarter of 2005 to EUR 6.4 mn in the first quarter of 2006 .,positive
Net sales revenue per passenger is expected to increase .,positive
"Advertising and circulation revenues grew by 3.4 % and by 0.4 % , respectively .",positive
Short-term licenses for the games cost as little as $ 3 while purchasing a game outright can cost as much as $ 10 or $ 15 .,neutral
"Typically , the transmission power level can be decreased when the interference noise is above a predefined value .",neutral
"However , the growth margin slowed down due to the financial crisis .",negative
"The EBRD is using its own funds to provide a 21.6 mln A loan while the B portion of 10 mln Euros has been syndicated to two Finnish commercial banks , Nordea Bank Finland Plc 7.7 mln Euros and Pohjola Bank Plc 2.3 mln Euros .",neutral
"The company said that 80 % of the shares of the holding company will be sold to Meadville Holdings Limited , a Hong Kong listed parent company of the Meadville Group .",neutral
"Profit for the period was EUR 9.8 mn , up from EUR 6.0 mn in 2004 .",positive
"Its board of directors will propose a dividend of EUR0 .12 per share for 2010 , up from the EUR0 .08 per share paid in 2009 .",positive
"Thus the method will cut working costs , and will fasten the planning and building processes .",positive
Earnings per share EPS in 2005 decreased to EUR0 .66 from EUR1 .15 in 2004 .,negative
"Operating loss before non-recurring items was EUR 0.9 mn , compared to a profit of EUR 11.5 mn in 2008 .",negative
"The transaction will have a positive impact of around EUR2m on earnings , which Ruukki will recognize during the fourth quarter of this year .",positive
"HELSINKI AFX - Salcomp , the mobile phone charger manufacturer , said it has appointed Markku Hangasjarvi as its new CEO , following the resignation of Mats Eriksson .",neutral
"STOCKMANN plc COMPANY ANNOUNCEMENT February 20 , 2007 , at 13.40 An annual summary of Stockmann 's stock exchange and financial press releases in 2006 is available on the company 's website at the address www.stockmann.com .",neutral
"The EBRD is using its own funds to provide a 21.6 million A loan while the B portion of 10 million Euros has been syndicated to two Finnish commercial banks , Nordea Bank Finland Plc and Pohjola Bank Plc. .",neutral
Renesas Mobile Europe Ltd has approximately 470 employees in Oulu .,neutral
The contract value amounts to EUR 2.4 million .,neutral
"After the reporting period , BioTie North American licensing partner Somaxon Pharmaceuticals announced positive results with nalmefene in a pilot Phase 2 clinical trial for smoking cessation .",positive
"Tekla 's defense business employs over 20 persons and is located in Espoo , Finland .",neutral
"In the third quarter of 2010 , net sales increased by 5.2 % to EUR 205.5 mn , and operating profit by 34.9 % to EUR 23.5 mn .",positive
The Elcoteq group recently announced that the last three months of the previous year brought to it a major loss of more than half a billion kroons ( EUR 32 mln ) for the fifth quarter running .,negative
The report contains category level company and brand share as well as distribution share information for 2007 and 2008 .,neutral
"The Australian company Mirabela Nickel has awarded Outokumpu Technology a contract for grinding technology for its nickel sulfide project in Bahia State , Brazil .",positive
The transaction is expected to be completed next spring .,neutral
"Revenue grew by 2 percent to  x20ac 580 million $ 743 million , from  x20ac 569 million .",positive
"In 2009 , Lee & Man had a combined annual production capacity of close to 4.5 million tonnes of paper and 300,000 tonnes of pulp .",neutral
"In Penttil+ñ 's vision , the most important reason for the transaction is Russia .",neutral
"Under a preliminary estimation , the technology park will measure about 50,000 square meters .",neutral
"New Delhi , July 17 -- Sahlberg Teppo , Kallio Timo and Mustonen Tuomas of M Real OYJ , Espoo , Finland have developed novel markings and methods of producing the same .",neutral
Finnish KCI Konecranes has been awarded an order for four hot metal ladle cranes by Indian steel producer Bhushan Steel & Strips to be delivered in 2007 .,positive
Amanda said that it had already made a USD5 .0 m investment commitment in Russia Partners II fund in July 2005 .,neutral
"Consolidated net sales increased 16 % to reach EUR74 .8 m , while operating profit amounted to EUR0 .9 m compared to a loss of EUR0 .7 m in the prior year period .",positive
17 March 2011 - Goldman Sachs estimates that there are negative prospects for the Norwegian mobile operations of Norway 's Telenor ASA OSL : TEL and Sweden 's TeliaSonera AB STO : TLSN in the short term .,negative
"The decision will have to be made whether the group agrees to the import of Estonian meat and meat products to Finland , the paper added .",neutral
"Progress Group , QPR 's representative in Saudi Arabia and North Africa , has signed a framework agreement for a long term strategic relationship with ISE .",positive
"Global sports equipment maker Amer Sports Corp. , whose brands include Atomic , Salomon and Wilson , saw a 64 percent increase in third-quarter net profit to EURO 47.4 million $ 65 million on strong sales and cost cuts .",positive
"Before FKI , John Jiang has worked in several general manager or senior business consultant positions for international companies in China .",neutral
The Department Store Division 's sales fell by 8.6 % to EUR 140.2 mn .,negative
Ruukki Group calculates that it has lost EUR 4mn in the failed project .,negative
Loss for the period totalled EUR 15.6 mn compared to a profit of EUR 6.3 mn in 2008 .,negative
Construction is scheduled to start in April-June 2007 and to be completed in early 2008 .,neutral
Finnish investment company Neomarkka is the main owner of Kuitu Finland 's successor .,neutral
Neste Oil Corporation Refining Operation Asset Summary Report Summary Neste Oil Corporation Refining Operation Assets Summary Report is an essential source for company data and information .,neutral
The acquisition is expected to take place by the end of August 2007 .,neutral
"The 2500-passenger ferry will have dimensions of 185 m length overall , 170 m length between perpendiculars , 27.70 m breadth and 6.55 m design draught .",neutral
"Finnish Scanfil , a systems supplier and contract manufacturer to the communications sector and the electronics industry , reports its net sales totalled EUR 94.7 mn in the first half of 2010 , down from EUR 99.5 mn in the first half of 2009 .",negative
Sunrise Resources operates in Russian near-shore development markets through its wholly-owned Russian subsidiary and has 80 % of its personnel in Russia .,neutral
The measures result from the statutory joint negotiations with employees which started in February and concerned all operations in the country .,neutral
"Equity ratio was 60.9 % compared to 54.2 % In the third quarter of 2007 , net sales of the Frozen Foods Business totaled EUR 11.0 , up by about 5 % from the third quarter of 2006 .",positive
"In the first nine months of 2010 , the company 's net loss narrowed to EUR 415,000 from EUR 7.4 million for the corresponding period of 2009 .",positive
"Russian export duties will activate harvesting in Finland , and sales in Russia will increase also .",positive
The Swedish subsidiary holds 1.0 % net smelter return `` NSR '' royalties over two advanced copper projects in northern Sweden - the Viscaria and Adak Projects - being developed by Avalon Minerals Ltd. ASX : AVI .,neutral
"The total number of voting rights is 74,612,523 .",neutral
"Jon Risfelt has previously held operational executive positions in Europolitan , Ericsson , SAS , American Express card and travel divisions , as well as Nyman & Schultz ( CEO ) , Vodafone Sweden ( CEO ) , and Gambro Renal Products ( CEO ) .",neutral
Kone 's net sales rose by some 14 % year-on-year in the first nine months of 2008 .,positive
"The Finnish national carrier said net loss in April through June was euro26 million , down from a net profit of euro13 million a year earlier .",negative
"The Filter Tips cover the volume range from 0.1-1200 -Ál including new sizes for 10 , 20 , 100-120 , 200 , 300 , 1000 and 1200 -Ál volume capacities .",neutral
EBIT margin was up from 1.4 % to 5.1 % .,positive
"The total investment necessary will be EUR40m , the company estimated .",neutral
It also turned to earnings per share ( EPS ) of EUR 0.08 versus loss per share of EUR 0.04 .,positive
"Operating margin , however , slipped to 14.4 % from 15.1 % , dragged down by a poor performance in enterprise solutions .",negative
"The 10,000-odd square metre plot that Stockmann has bought for the Nevsky Center shopping center is located on Nevsky Prospect , St Petersburg 's high street , next to the Vosstaniya Square underground station , in the immediate vicinity of Moscow Station .",neutral
The proposal that the Board of Directors will make at the Annual General Meeting is attached as a whole to this release .,neutral
"The huge bridge girders will be delivered to the site from our plant in Ylivieska , Finland .",neutral
Performance in the second half of 2009 exceeded expectations .,positive
The number of customers is one of the most important parameters in determining the price of electricity networks .,neutral
"Sales came in at 241 mln eur , compared with 211.4 mln , and also beating consensus forecasts of 235 mln eur .",positive
"Sales improved to SEK 1,553 mn , compared with SEK 1,408 mn .",positive
"The company serves customers in various industries , including process and resources , industrial machinery , architecture , building , construction , electrical , transportation , electronics , chemical , petrochemical , energy , and information technology , as well as catering and households .",neutral
"The subsidiary will be responsible for filter sales , local assembly of filters and after market services in China .",neutral
"The acquisition does not have to be from the frozen foods or fish sector , as long as it has synergies with L+ñnnen Tehtaat 's other businesses .",neutral
Cash flow from operations in January-December 2008 was a negative EUR 18.1 mn compared to EUR 39.0 mn in the corresponding period in 2007 .,negative
"Together with Latvia , Cramo will operate 54 rental outlets in the Baltic States .",neutral
Ramirent Finland is the domestic unit of machinery rental company Ramirent Oyj HEL : RMR1V .,neutral
"Rautalinko was resposnible also for Mobility Services , and his job in this division will be continued by Marek Hintze .",neutral
The optimization of the steel components heating process will reduce the energy consumption .,positive
Ponsse will divide its sales and maintenance service network into six geographical areas .,neutral
The expanded plant is scheduled to be operational by the middle of October 2009 .,neutral
"s business sectors are building construction , infrastructure construction and technical building services .",neutral
"Salcomp Oyj , the Finnish maker of mobile phone chargers , Monday posted a EUR1 .49 million loss in the second quarter compared with a 1.70 million profit in the same period the previous year .",negative
"A meeting for the media and analysts will be held on the same day at 10:30 a.m. at Stonesoft Headquarters in Helsinki , Italahdenkatu 22 A. The Interim report will be presented by Stonesoft 's CEO Ilkka Hiidenheimo .",neutral
"However , two of the previously ordered sets will start producing electricity at the end of October 2010 , it said .",neutral
"Founded in 1923 , Finnair is one of the world 's oldest airlines and flies to 60 destinations with a fleet of 63 aircraft , employing 9,500 people .",neutral
The company 's share is listed in the Mid Cap segment of the NASDAQ OMX Helsinki .,neutral
"Earnings per share EPS amounted to EUR0 .03 , up from the loss of EUR0 .08 .",positive
ZAO YIT Moskovia builds housing in Moscow and its surrounding cities .,neutral
"Operating loss totaled EUR 0.8 mn , compared to a profit of EUR 0.5 mn .",negative
The sales price was not disclosed .,neutral
Finnish business software group AffectoGenimap Oyj said its net profit halved to 1.2 mln euro ( $ 1.5 mln ) in the first nine months of 2006 from 2.2 mln euro ( $ 2.8 mln ) in the same period of 2005 .,negative
"The company 's order book stood at 1.5 bln euro $ 2.2 bln on September 30 , 2007 , up by 24.2 pct on the year , with international orders amounting to 365 mln euro $ 534.3 mln .",positive
"The last quarter was the best quarter of 2009 in net sales , and the operating margin rose to 12.2 % .",positive
"The donations are granted to Aalto University and the universities of Helsinki , Tampere , Turku , Eastern Finland , Jyv+ñskyl+ñ , Oulu and Vaasa , and to polytechnics to be announced later .",neutral
"Finnish plumbing and heating systems supplier Uponor 's net sales from continuing operations decreased by 9.4 % in 2008 to EUR 949.2 mn from EUR 1,047.4 mn in 2007 .",negative
Operating profit fell from EUR 7.9 mn in the second quarter of 2005 to EUR 5.1 mn in the second quarter of 2006 .,negative
"The total donation amount is EUR 1,115,000 .",neutral
"Elcoteq 's Electronics Manufacturing Services ( EMS ) Business Segment serves customers globally in Engineering , Manufacturing and Fulfillment services .",neutral
Finnish Bore that is owned by the Rettig family has grown recently through the acquisition of smaller shipping companies .,positive
"The Annual Report will be sent automatically to shareholders holding at least 2,000 Sampo plc shares .",neutral
"Some of the most recent technology deliveries include refinery technology to Anrak Aluminium , an iron ore pelletizing plant to Tata Steel and iron ore sintering plants to Bhushan Steel .",neutral
"He answers questions on how many visitors Conversations gets , how big the team is and what the problems are when setting up social media channels .",neutral
Shuweihat 2 got under way in July 2008 when the project was awarded to desalination and power contractors .,neutral
"According to Nordic financial group Nordea 's analyst Sami Sarkamies , this makes Nokia 's portfolio competitive again .",positive
"treatment products in Usa , Canada , Mexico , Australia and Brazil Today , Global Research & Data Services is going to publish several market analyses about the markets for water treatment products in some selected countries .",neutral
"The maximum amount of the capital loan will be EUR30m and the minimum subscription -- EUR10 ,000 .",neutral
"The report goes on to provide detailed profiles of ten leading European specialty chemicals companies , and brief profiles of other major players .",neutral
Lemmink+ñinen started the manufacture of roofing felt in 1920 and the production of asphalt in the 1930s .,neutral
"Utah 's capital wanted to be the next U.S. headquarters of Amer Sports Corp. , a ski-equipment company .",neutral
`` The trend in the sports and leisure markets was favorable in the first months of the year .,positive
11 August 2010 - Finnish measuring equipment maker Vaisala Oyj HEL : VAIAS said today that its net loss widened to EUR4 .8 m in the first half of 2010 from EUR2 .3 m in the corresponding period a year earlier .,negative
Cargo volume increased by approximately 5 % .,positive
"According to Seikku , the retail sector in Finland is controlled by 3-4 large actors , while food manufacturers are still relatively small .",neutral
The total capacity of the factory will be approximately 100 engines a year .,neutral
"However , the proportion of the paid standing orders grew in 2009 .",positive
Altogether 150 subjects with mildly elevated cholesterol levels participated in the four-month long intervention .,neutral
"The latest result included per-share charges of 5 cents for stock compensation , 1 cent for research and development and 1 cent for strategic investments .",neutral
The following information was released by Comptel : Tomorrow the Chairman of the Federal Communications Commission is scheduled to deliver the National Broadband Plan to Congress .,neutral
"Both operating profit and net sales for the 12-month period increased , respectively from EUR10 .5 m and EUR28 .8 m , as compared to the financial year 2004 .",positive
"The mall is part of the Baltic Pearl development project in the city of St Petersburg , where Baltic Pearl CJSC , a subsidiary of Shanghai Foreign Joint Investment Company , is developing homes for 35,000 people .",neutral
It was decided that the auditors are reimbursed according to invoice .,neutral
"CHS Expo Freight is a major Finnish fair , exhibition and culture logistics company that provides logistics services to various events by land , air and sea .",neutral
"Finnish plumbing and heating systems supplier Uponor 's net sales in continuing business operations decreased to EUR 249.1 mn in July-September 2008 , compared to EUR 262.1 mn in the third quarter of 2007 .",negative
"`` After the transaction , Tikkurila has no powder coatings-related operations , '' the company said .",neutral
The solution will be installed in the USA to support the North American operations of the customer .,neutral
"A Helsinki : ELIiV today reported EPS of EUR1 .13 for 2009 , an increase over EPS of EUR1 .12 in 2008 .",positive
Kone shares dropped 4.1 percent to  x20ac 43 US$ 55.77 in Helsinki .,negative
Vianor sells tires for cars and trucks as well as a range of other car parts and provides maintenance services .,neutral
An audio webcast will be available live and archived on Cerner 's Web site at www.cerner.com .,neutral
"In the fourth quarter of 2009 , Orion 's net profit went up by 33.8 % year-on-year to EUR33m .",positive
Finnish Cargotec 's Kalmar has received a significant order from the US Department of Defense .,positive
"The connectivity unit has more than 100 e-invoice customers , and the number of annual transactions stands at nearly one million .",neutral
Image data produced by the browser at the phone server is converted into a bitmapped image that is sent to the handset for display . '',neutral
"Operating profit totaled EUR 37,7 mn , up slightly from EUR 37.2 mn in the corresponding period in 2006 .",positive
"According to Finnair Technical Services , the measure is above all due to the employment situation .",neutral
"Typical end-uses include roof structures , floorings , walls and ceilings , non-visible structures in vehicles , packaging and boxes , construction site structures , fencing and shelters , and formwork with a limited number of concrete pourings .",neutral
"Pretax profit rose to EUR 1,019 mn from EUR 1,007 in the corresponding period in 2005 .",positive
"More than 50,000 tonnes of asphalt mix will be used in the contract .",neutral
"Shares of Standard Chartered ( STAN ) rose 1.2 % in the FTSE 100 , while Royal Bank of Scotland ( RBS ) shares rose 2 % and Barclays shares ( BARC ) ( BCS ) were up 1.7 % .",positive
"Complete name of shareholder : Otto Henrik Bernhard Nyberg For further information , please contact Maija-Liisa Friman , CEO , tel. +358 9 7597 0711 .",neutral
UPM-Kymmene said its has ` not indicated any interest in any domestic consolidations ' .,neutral
"ADP News - Feb 25 , 2009 - Finnish printed circuit board PCB maker Aspocomp Group Oyj HEL : ACG1V said today it swung to a net profit of EUR 300,000 USD 385,000 for 2008 versus a net loss of EUR 65.3 million",positive
The extracted filtrates are very high in clarity while the dried filter cakes meet required transport moisture limits (TMLs)for their ore grades .,neutral
"The company serves customers in various industries , including process and resources , industrial machinery , architecture , building , construction , electrical , transportation , electronics , chemical , petrochemical , energy , and information technology , as well as catering and households .",neutral
"The scheme for TeliaSonera and Altimo is practically identical , except that it involves the merger of their stakes in VimpelCom and Kyivstar .",neutral
Finnish department store chain Stockmann Oyj Abp net profit rose to 39.8 mln euro ( $ 56.8 mln ) for the first nine months of 2007 from 37.4 mln euro ( $ 53.4 mln ) for the same period of 2006 .,positive
"Jun. 25 , 2008 ( Boy Genius Report delivered by Newstex ) -- The Nokia ( NYSE : NOK ) N78 , huh ?",neutral
"Pre-tax profit totaled EUR 397.4 mn , up from EUR 164.7 mn .",positive
The fine print is here .,neutral
"Group EBIT for the first half was EUR13 .6 m US$ 17.8 m , falling short of the EUR22 .5 m it posted for the same period of 2009 .",negative
"Published by Globes online , Israel business news - www.globes-online.com - on November 16 , 2009 -® Copyright of Globes Publisher Itonut 1983 Ltd. 2009",neutral
"Apartments of YIT Home may be purchased in 5 regions of Russia , where YIT subsidiaries carry out their activities : Moscow and Moscow region , St. Petersburg , Ekaterinburg , Kazan and Rostov-on-Don .",neutral
The company 's share is quoted on NASDAQ OMX Helsinki Rautaruukki Oyj : RTRKS .,neutral
"The order includes a new Crecent former , headbox , and reel .",neutral
"Following this increase Huhtamaki 's registered share capital is EUR360 .62 m and the number of shares outstanding is 106,063,320 .",neutral
"MANAVIGATOR-September 7 , 2010-Kemira unveils Indian JV with IVRCL Finnish chemicals group Kemira ( HEL : KRA1V ) on Tuesday announced it has inked a deal to form a joint venture in India with local construction firm IVRCL Infrastructure and Projects Ltd ( BOM :530773 ) .",positive
"Pretax profit totaled EUR 9.0 mn , down from EUR 36.3 mn in 2007 .",negative
"Motorola accounted for 11.5 percent of the South Korean handset market as of the end of April , Samsung held 55 percent and LG Electronics 19 percent , according to Korea-based ATLAS Research Group .",neutral
"The businesses to be divested offer dairy , edible fats , ready-meal and ice-cream packaging to multinational and local customers .",neutral
The company did not distribute a dividend in 2005 .,neutral
"Finnish dental care group Oral Hammaslaakarit Oyj posted a total net profit of 849,000 euro $ 1.1 mln in the first nine months of 2006 versus a net loss of 331,000 euro $ 421,000 in the same period of 2005 .",positive
"Motorola Inc. of the United States came second with shipments of 217.4 million units for a 21.3 percent market share , followed by South Korea 's Samsung Electronics Co. with shipments of 118.0 million units for an 11.6 percent share .",neutral
Vacon controls a further 5 % of the company via investment fund Power Fund I. EUR 1.0 = USD 1.397,neutral
They will be sunk to a depth of some 360-380 metres and fixed to the bottom mud by vacuum .,neutral
Dragonfly Love is another video shot from start to finish using the Nokia N8 .,neutral
"Qualcomm estimated a first-quarter profit between 46 and 50 cents a share , excluding certain items , below the analyst estimate of 61 cents a share .",negative
All depends on financing .,neutral
Finnish financial group Aktia 's operating profit for 2009 increased to EUR 47.0 mn from EUR 6.6 mn in 2008 .,positive
"FinancialWire ( tm ) , in cooperation with the Investrend Broadcast Syndicate , also provides complete , daily conference call and webcast schedules as a service to shareholders and investors via the FirstAlert ( tm ) Networks oeFirstAlert ( tm ) Daily .",neutral
"Capacity of the facility made by Finland 's Vaahto Group is 86,000 tons of light coated paper .",neutral
"Operating profit totaled EUR 5.5 mn , up from EUR -0.7 mn .",positive
"Earnings per share for January-June 2010 were EUR0 .30 , an increase of 20 % year-on-year EUR0 .25 .",positive
Productional situation has now improved .,positive
Comparable operating profit decreased to EUR 13.8 mn from EUR 17.1 mn in the corresponding period in 2005 .,negative
Marimekko Group 's full-year net sales are estimated to increase by about 10 % .,positive
"Svyturys-Utenos Alus , which is controlled by the Nordic group Baltic Beverages Holding ( BBH ) , posted a 4.7-per-cent growth in beer sales for January-May to 46.22 million litres .",positive
"The company operates its business through two reportable segments , including Banking and Investment Services , and Non-Life Insurance .",neutral
The commission said the hydrogen peroxide and PBS market was worth about 470 million euros in 2000 .,neutral
"The group 's operating loss was EUR 0.8 mn , down from a profit of EUR 2.5 mn in 2004 .",negative
"The company will publish its financial statement for 2008 on February 25 , 2009 .",neutral
"Participants at any of the book discussions or other special events , or visitors to the car dealership were eligible to enter the drawing for the 2005 silver , four-door Altima .",neutral
"Before Kemira 's installation NordAlu was producing 3,500 tons of liquid and solid aluminum waste per year .",neutral
"At the request of Finnish media company Alma Media 's newspapers , research manager Jari Kaivo-oja at the Finland Futures Research Centre at the Turku School of Economics has drawn up a future scenario for Finland 's national economy by using a model developed by the University of Denver .",neutral
"The fixed-term contract of Mr. Jarmo Ukonaho , the current General Manager of Incap 's Indian operations , will finish by the end of the year .",neutral
"Ahlstrom 's 5,700 employees serve customers via sales offices and production facilities in more than 20 countries on six continents .",neutral
Autotank Group is part of Aspo 's Systems Division .,neutral
`` It wo n't happen overnight .,neutral
"The company designs , manufactures and markets advanced composite products for industrial applications and consumer goods such as cross-country , alpine and Nordic Walking poles , floorball sticks and antenna radomes .",neutral
"A maximum of 666,104 new shares can further be subscribed for by exercising B options under the 2004 stock option plan .",neutral
